date,close,proba_fwd_positive_t180,proba_fwd_positive_t60,proba_fwd_positive_t5,proba_fwd_positive_t10,proba_fwd_positive_t20
2022-01-05,25.74,0.00017147325,0.00032317944,0.0009628861,0.0042279884,0.00038217768
2022-01-06,25.14,0.00011794664,0.00019835038,0.0018410331,0.0012222409,0.001869373
2022-01-07,24.28,0.00066686916,0.0014876589,0.0049538845,0.018332718,0.0022502237
2022-01-10,23.31,0.00033312596,0.9828242,0.99874926,0.9943423,0.0059592775
2022-01-11,22.33,0.007881384,0.9893657,0.99933285,0.99763775,0.991269
2022-01-12,23.45,0.0012138931,0.0051873475,0.99874145,0.9957332,0.0009363435
2022-01-13,23.79,0.00069083343,0.0012394955,0.9952826,0.9988826,5.5180495e-05
2022-01-14,23.85,0.0007542659,0.00044073036,0.99824643,0.9919022,4.6939447e-05
2022-01-17,23.73,0.00073707587,0.00081584713,0.99562234,0.9878456,0.00011082666
2022-01-18,23.51,0.00015445393,0.0010337111,0.99972004,0.016344905,0.00064171205
2022-01-19,23.51,0.00025276252,0.00045439348,0.9984261,0.9874396,0.00031905054
2022-01-20,24.13,0.0010040748,0.00023378227,0.009575417,0.010535203,9.6908654e-05
2022-01-21,24.13,0.00016557571,2.3216884e-05,0.9939136,0.0013312985,5.541278e-05
2022-01-24,24.1,8.316674e-05,0.00016223767,0.9943855,0.002293289,0.0001979236
2022-01-25,24.56,0.00041416782,6.900171e-05,0.00014464514,4.9399463e-05,0.00077633373
2022-01-26,24.34,0.00035105416,3.602751e-05,0.00027084688,0.00033010237,0.0011974245
2022-01-27,23.97,0.00043420916,6.394654e-05,0.003529937,0.00041927662,0.0016021156
2022-01-28,24.16,0.00021438308,4.4026536e-05,0.00072459923,0.00013136583,0.00029771597
2022-02-07,24.16,0.0013587639,1.111602e-05,0.0002360064,0.0006969376,0.00071862736
2022-02-08,23.48,0.0034119715,0.00015431247,0.0047898316,0.002343655,0.0060275686
2022-02-09,23.6,0.0006641624,3.0029294e-05,0.0023265812,0.0012666712,0.0017807445
2022-02-10,23.73,0.00258973,5.7857193e-05,0.0018437585,0.0048874924,0.0023264384
2022-02-11,23.51,0.013506622,8.1613594e-05,0.0055276733,0.0038812123,0.003677894
2022-02-14,22.5,0.97868115,0.0012268107,0.004107742,0.005084218,0.99567837
2022-02-15,22.87,0.023280531,0.0035437676,0.0024209784,0.005455654,0.99638534
2022-02-16,22.62,0.9936684,0.00041613253,0.0003092743,0.99406815,0.9994191
2022-02-17,22.31,0.98778325,0.0011670091,0.007711777,0.9988669,0.9995092
2022-02-18,22.25,0.027862912,0.004669247,0.99377716,0.99967206,0.99976987
2022-02-21,22.31,0.0048908866,0.00067371264,0.008054464,0.99743205,0.9985952
2022-02-22,22.13,0.0072437967,0.0016569779,0.9970024,0.9994943,0.9999213
2022-02-23,22.4,0.001224487,0.0006128001,0.99587137,0.9995203,0.9990202
2022-02-24,22.25,0.013157089,0.0007611978,0.9990854,0.9998356,0.9998816
2022-02-25,22.31,0.01372769,0.0019760102,0.996482,0.9989171,0.99991524
2022-02-28,21.76,0.9870766,0.011917515,0.9999428,0.99980646,0.99992526
2022-03-01,22.68,0.0029551282,0.0010019452,0.99640983,0.994528,0.009209849
2022-03-02,23.23,0.0039890087,0.00019625206,0.0015763539,0.008122692,0.99182534
2022-03-03,23.27,0.00093557837,0.00017804383,0.001876674,0.0025780003,0.99894565
2022-03-04,23.36,0.0009886671,0.00022485973,0.0004607928,0.0010075158,0.9989998
2022-03-07,23.23,0.001576041,0.00033228006,0.0016303067,0.99532276,0.999819
2022-03-08,23.17,0.00047324202,0.00036793613,0.005327463,0.9962935,0.99943835
2022-03-09,23.05,0.00021209699,0.00015635672,0.99580413,0.9971718,0.9999144
2022-03-10,23.05,0.0002597012,0.00047661696,0.9995054,0.99771833,0.9990054
2022-03-11,23.05,0.00053142913,0.0009548017,0.9989569,0.9973476,0.9997192
2022-03-14,22.99,0.00027311532,0.00039989775,0.99970835,0.9951508,0.9999794
2022-03-15,23.05,0.00038785845,0.00018955377,0.9978397,0.012478255,0.9997694
2022-03-16,23.17,0.0003326807,4.9139166e-05,0.9983006,0.9973412,0.99928373
2022-03-17,23.23,0.0001582665,2.4032308e-05,0.9955656,0.99775046,0.99117005
2022-03-18,23.27,0.0009549614,8.954799e-05,0.9976646,0.9998523,0.0068799807
2022-03-21,23.27,0.00026078447,8.181495e-05,0.0033370575,0.9997477,0.0013545958
2022-03-22,23.54,0.00019002645,0.0008016133,0.004791514,0.99960035,0.0093215825
2022-03-23,23.48,0.0006863506,0.00024753006,0.0028908935,0.9994444,0.001055739
2022-03-24,23.42,0.0012656383,0.00012410176,0.006668559,0.9959006,0.0049473923
2022-03-25,23.42,0.0004450987,0.00017045927,0.99724483,0.016937058,0.00016752427
2022-03-28,23.14,0.007829009,0.0035508468,0.995782,0.9973373,0.0020086735
2022-03-29,22.44,0.9937169,0.99762946,0.99967706,0.99951684,0.98682284
2022-03-30,23.39,0.0053656315,0.0028909252,0.99585754,0.99017465,0.00068055466
2022-03-31,23.39,0.002792002,0.003851562,0.9973546,0.0100748995,0.0016431677
2022-04-01,23.66,0.0036320605,0.00750879,0.001285478,0.00064827065,0.00017326158
2022-04-04,23.7,0.0035372372,0.009724737,0.0007216955,0.00019383944,4.8431983e-05
2022-04-05,23.63,0.0017614017,0.003954002,0.00039670395,0.00075243803,0.00020269607
2022-04-06,23.63,0.0027279167,0.0034526405,0.0005721756,0.0005422713,1.4102578e-05
2022-04-07,23.45,0.0128323175,0.008940629,0.0032281901,0.0026076573,0.000118002215
2022-04-08,23.23,0.99560565,0.025152639,0.0003334113,0.00031498223,8.1378974e-05
2022-04-12,23.36,0.019452104,0.0029337143,0.00010794606,0.00014168819,1.8256978e-05
2022-04-13,23.39,0.98963857,0.001410881,2.4222523e-05,7.508337e-06,0.00019032946
2022-04-14,23.45,0.9927825,0.0035526708,0.00060797716,4.194277e-05,1.8851943e-05
2022-04-15,23.36,0.99919194,0.985564,0.00036204915,6.391307e-05,6.5941065e-05
2022-04-18,23.2,0.99980456,0.9864937,0.000104784805,0.00077725155,2.1516134e-05
2022-04-19,23.14,0.99932945,0.023449533,0.004678975,0.0039057266,0.00057236326
2022-04-20,23.2,0.99867046,0.0073994235,0.0021040256,0.0024868124,1.9595016e-05
2022-04-21,23.33,0.99383026,0.018557396,0.0005045206,0.00013680213,8.1775324e-05
2022-04-22,23.2,0.99950075,0.9798641,0.002071363,0.0010590442,7.376137e-05
2022-04-25,21.82,0.9999701,0.99913377,0.995943,0.99372697,0.0017405543
2022-04-26,22.4,0.9986853,0.9978917,0.004937526,0.0046363,0.00026133106
2022-04-27,22.77,0.9994392,0.9981816,3.6741672e-05,0.0010292836,6.844375e-05
2022-04-28,22.9,0.99995506,0.99853945,0.00083787076,0.00075224094,2.7769389e-05
2022-04-29,22.59,0.9997756,0.9990728,0.00012080171,0.0012200786,0.00014240538
2022-05-04,22.28,0.99916077,0.99938023,0.00016419234,0.0018599842,0.0026913583
2022-05-05,22.25,0.99923754,0.9997111,0.00013669116,0.0018000115,0.0007084224
2022-05-06,21.7,0.9996283,0.9996525,0.0036064342,0.0038498316,0.009942021
2022-05-09,21.21,0.9998678,0.9995437,0.9934383,0.0042020804,0.0029480667
2022-05-10,22.13,0.99914765,0.9999335,0.002179688,0.00017266159,0.0006719675
2022-05-11,22.13,0.9988549,0.998985,0.0011293859,0.00057814794,0.0014054739
2022-05-12,21.51,0.9996327,0.9998282,0.0038185895,0.000113093236,0.0038185876
2022-05-13,21.3,0.9998609,0.9996165,0.9932156,0.00089181983,0.008407355
2022-05-16,21.39,0.9997979,0.9998029,0.00312117,0.00063479604,0.0004299919
2022-05-17,21.39,0.99985695,0.99960643,0.0001544295,3.7684324e-05,0.0009427206
2022-05-18,21.39,0.99976987,0.99957174,0.00011778997,0.00048809365,0.009666043
2022-05-19,21.27,0.99980587,0.9998529,0.00010457718,0.00033811398,0.98946047
2022-05-20,21.42,0.9995061,0.999828,0.00042587338,0.00030036768,0.99534816
2022-05-23,21.21,0.999292,0.99971443,0.0003865615,0.0001827635,0.99763894
2022-05-24,20.93,0.9998894,0.9998153,0.0035218317,0.0011275643,0.9996283
2022-05-25,20.93,0.9997247,0.9998079,0.00031299875,0.00091520866,0.9967249
2022-05-26,21.05,0.99973816,0.99997103,5.660558e-05,0.00012222925,0.9979006
2022-05-27,21.27,0.99958485,0.99961334,0.00033758156,0.00038416058,0.99831843
2022-05-30,21.08,0.9996525,0.99993396,0.0003260498,0.00150537,0.999979
2022-05-31,20.78,0.9998839,0.9999764,0.004539033,0.0073583787,0.9999989
2022-06-01,20.59,0.99988186,0.9999713,0.9974607,0.9989806,0.999998
2022-06-02,20.78,0.9997656,0.99999285,0.004344504,0.99745303,0.9999858
2022-06-03,20.78,0.9999167,0.9999387,0.0019530542,0.9985668,0.99999595
2022-06-06,20.75,0.9997831,0.999984,0.0012053525,0.99932444,0.9999938
2022-06-07,20.53,0.9998332,0.9999641,0.0035754885,0.99928385,0.9999945
2022-06-08,20.78,0.9979679,0.9996518,0.9972153,0.998338,0.9993729
2022-06-09,20.56,0.9999126,0.9999399,0.99792045,0.99992967,0.9999714
2022-06-10,20.35,0.9999262,0.9998964,0.999701,0.99965024,0.99999964
2022-06-13,19.42,0.9997551,0.9995376,0.999959,0.9998338,0.99999857
2022-06-14,20.28,0.9997644,0.9999442,0.9997323,0.9963722,0.9999865
2022-06-15,20.9,0.9999052,0.99973947,0.9991165,0.99902344,0.999926
2022-06-16,22.04,0.9996314,0.9999081,0.999876,0.99977785,0.9992848
2022-06-17,22.0,0.99977857,0.99994767,0.99920815,0.99931276,0.99956983
2022-06-20,22.0,0.99949217,0.9999219,0.99945563,0.99980587,0.99983156
2022-06-21,21.96,0.99984026,0.9999348,0.99998283,0.9998472,0.9998996
2022-06-22,22.55,0.9995116,0.999923,0.99973375,0.9987256,0.99915814
2022-06-23,22.66,0.9998435,0.99957377,0.9996375,0.9997271,0.9997471
2022-06-24,22.88,0.99355435,0.9934916,0.99876153,0.99973553,0.99802315
2022-06-27,22.99,0.99983335,0.9893729,0.9987197,0.999498,0.999503
2022-06-28,23.06,0.9979989,0.02257876,0.9961714,0.99650586,0.9987338
2022-06-29,23.17,0.99839044,0.009963296,0.005480384,0.99725515,0.99890924
2022-06-30,23.17,0.9987469,0.0022377316,0.0086566415,0.00859637,0.99956423
2022-07-01,23.21,0.9975563,0.0005496586,0.9963452,0.009999909,0.9995902
2022-07-04,23.21,0.9970092,0.000528625,0.9974376,0.99583423,0.9980987
2022-07-05,23.25,0.01823539,0.00023841165,0.99749666,0.99709487,0.99567163
2022-07-06,23.03,0.98856366,0.00010211535,0.99944586,0.9977069,0.9992048
2022-07-07,22.95,0.99797565,0.00085025816,0.9989943,0.99776936,0.996905
2022-07-08,23.25,0.00673333,0.00024039591,0.010524288,0.99345523,0.011972295
2022-07-11,23.25,0.011556526,8.859602e-05,0.9942986,0.010435883,0.0037594477
2022-07-12,23.47,0.0007056345,0.00050479354,0.009151882,0.014029908,0.0048424676
2022-07-13,23.21,0.0016507643,0.00040530134,0.99737346,0.9952644,0.0017038616
2022-07-14,23.1,0.007107349,0.00036286635,0.99820995,0.9989888,0.0016156666
2022-07-15,23.06,0.97988254,0.001298256,0.9981547,0.9957889,0.00181311
2022-07-18,23.32,0.0024701098,0.00015858252,0.0019295159,0.9907528,0.00015821234
2022-07-19,23.36,0.0007983632,0.00015023757,0.0012095545,0.002129356,0.0018957559
2022-07-20,23.47,0.00012031876,0.0003217996,0.00030299797,0.00043721913,0.00097794
2022-07-21,23.47,0.0010558149,0.00045518312,0.0006727868,0.00013499844,0.0027691491
2022-07-22,23.43,0.0004601754,0.0007545024,0.0021585226,0.00033823325,0.0026751044
2022-07-25,23.21,7.9445635e-05,0.00053701113,0.99793684,0.0010012963,0.99043244
2022-07-26,23.28,0.00034876048,0.00013680187,0.99743843,0.00092744286,0.99637043
2022-07-27,23.28,0.00037668567,0.00010032579,0.99871707,8.281836e-05,0.99722075
2022-07-28,23.32,0.0015590913,0.00012226806,0.0029232858,0.0004218141,0.99915636
2022-07-29,23.36,0.0007886555,0.00017346755,0.00066852965,0.0014778164,0.9995166
2022-08-01,23.43,0.006136091,0.0014233725,0.0003833561,0.000705544,0.99429816
2022-08-02,23.36,0.006328583,0.0006422272,0.00049285084,0.0005789958,0.99971884
2022-08-03,23.32,0.0033005897,0.0003092153,0.00078344066,0.0021564737,0.99905616
2022-08-04,23.28,0.002628967,0.00021392589,0.0063822763,0.005085352,0.9970848
2022-08-05,23.14,0.005474127,0.0006342506,0.010359143,0.01111623,0.99884135
2022-08-08,23.06,0.011406015,0.00054801366,0.9970387,0.99500906,0.99774617
2022-08-09,22.92,0.9966536,0.0056892345,0.9985374,0.9988257,0.99884963
2022-08-10,22.81,0.99630296,0.008623473,0.9981135,0.9995449,0.99626285
2022-08-11,23.1,0.025401909,0.00029838088,0.0066916686,0.99519265,0.008812866
2022-08-12,22.99,0.9918351,0.00080658734,0.0074956142,0.9929616,0.9932
2022-08-15,23.1,0.989785,0.0008548195,0.99412256,0.9991615,0.0019755089
2022-08-16,23.06,0.009768989,0.00014959129,0.9970476,0.9974377,0.008808819
2022-08-17,23.1,0.007433609,0.00012249422,0.99467963,0.99787664,0.0025534662
2022-08-18,22.99,0.0044693877,0.0006211868,0.9983192,0.99882394,0.9948419
2022-08-19,22.92,0.0025130778,0.001696097,0.9988722,0.99845386,0.9958134
2022-08-22,23.83,4.7202448e-05,0.00021614945,4.6312074e-05,0.00033315772,0.00044537926
2022-08-23,23.83,0.000156492,0.00028856297,0.000115864415,0.00027680796,0.00023467669
2022-08-24,23.76,7.021047e-05,0.00017684528,8.498664e-05,0.0004047374,0.0015103618
2022-08-25,23.76,0.00042821883,0.00013554883,0.00030752225,0.00029318157,0.00033546155
2022-08-26,23.76,0.00015505037,0.00017802652,0.0011312196,0.00017341148,7.377241e-05
2022-08-29,23.61,0.0011871018,0.00023203593,0.00012425712,3.7642803e-05,0.0010929228
2022-08-30,23.69,0.0006563856,6.946564e-05,5.77426e-05,2.1658658e-05,0.00040474648
2022-08-31,23.65,0.00027623557,2.62483e-05,1.4783945e-05,3.6886915e-05,0.00027593446
2022-09-05,23.47,0.00015116815,0.00012105228,1.3579354e-05,7.987178e-05,0.00020609229
2022-09-06,23.47,0.00071963033,0.00014099113,0.00012730304,8.624342e-05,0.0002719554
2022-09-07,23.47,0.0010900254,0.0001411325,0.00010058606,0.00071774586,5.544571e-05
2022-09-08,23.43,0.00035877354,8.0699545e-05,1.3505559e-05,0.00083157653,6.807098e-05
2022-09-09,23.39,0.00072044245,0.00012953396,9.0979906e-05,0.0010284127,0.00022921695
2022-09-12,23.1,0.0056107333,0.0003498064,0.00077892916,0.00063049124,0.0004820185
2022-09-13,23.1,0.013081542,0.00057413516,0.00020807702,0.00039814968,0.0006600677
2022-09-14,23.03,0.9884764,0.0010168639,0.00091476226,0.00081032707,0.0010688758
2022-09-15,23.06,0.9881494,0.00010710989,0.00026423257,2.7419344e-05,9.806657e-05
2022-09-16,23.1,0.012163099,0.0006267758,0.00014982969,2.339799e-05,0.00022478536
2022-09-19,23.03,0.02243677,0.0004485477,9.813805e-05,7.57709e-05,0.0022082648
2022-09-20,23.1,0.98743004,0.0018779633,0.0001036943,4.790342e-05,0.00020610722
2022-09-21,23.03,0.99647325,0.0044965055,0.00045469738,0.0020931251,0.0015600097
2022-09-22,22.95,0.9935523,0.006417127,0.0037806216,0.0037698115,0.0023786984
2022-09-23,22.81,0.99873203,0.99294657,0.0036242849,0.0012555753,0.0015291717
2022-09-26,22.37,0.99968064,0.9964719,0.0020469842,0.0016353008,0.010079975
2022-09-27,22.4,0.9993618,0.99889153,9.150403e-05,0.00025618298,0.007152636
2022-09-28,22.4,0.9989893,0.9986933,4.2064337e-05,0.00026214935,0.0023062506
2022-09-29,22.4,0.9983032,0.998425,0.000120567296,0.0010229937,0.9894359
2022-09-30,22.44,0.99710816,0.9990502,0.0004276616,0.0011220472,0.99257624
2022-10-03,21.78,0.9986547,0.9993979,0.0011151003,0.0017656746,0.99875927
2022-10-04,21.63,0.9991099,0.99846077,0.006134518,0.0047797635,0.9976242
2022-10-05,22.0,0.99779034,0.99936646,0.005150968,0.001505793,0.99972135
2022-10-06,21.85,0.99799347,0.9996586,0.006893544,0.0035083294,0.9993327
2022-10-07,21.52,0.9982747,0.99835336,0.9984118,0.004871759,0.9999174
2022-10-10,21.3,0.9981981,0.9993488,0.9963291,0.0035016546,0.9999486
2022-10-11,20.46,0.99703264,0.991042,0.99975604,0.99431497,0.99923325
2022-10-12,21.74,0.99962497,0.99984825,0.0028991026,0.008827353,0.99367815
2022-10-13,21.71,0.99985504,0.9994598,0.002749189,0.99737096,0.024518605
2022-10-14,21.74,0.99971515,0.99979144,0.00027857625,0.99856794,0.99041945
2022-10-17,21.63,0.9996563,0.99952924,0.001391529,0.99965215,0.9958547
2022-10-18,21.63,0.99928063,0.9993056,0.0027329156,0.998467,0.015264841
2022-10-19,21.63,0.9998217,0.9997167,0.0047233026,0.99881893,0.9973068
2022-10-20,21.63,0.999027,0.9997781,0.9954674,0.99790883,0.99809545
2022-10-21,21.12,0.999819,0.99994385,0.9992186,0.99927574,0.9999536
2022-10-24,20.9,0.9998714,0.9999671,0.99938333,0.99910814,0.99992716
2022-10-25,21.27,0.999613,0.9998914,0.9957425,0.99822456,0.9998747
2022-10-26,21.27,0.99986696,0.9999491,0.9987845,0.9998658,0.9989969
2022-10-27,22.73,0.99837637,0.9997763,0.0015741648,0.00017044986,0.0034532151
2022-10-28,22.7,0.99939895,0.99960536,0.0010088244,0.00051259494,0.00077412114
2022-10-31,22.7,0.999627,0.99942315,0.00014136497,0.0014615539,0.0028830515
2022-11-01,22.73,0.9995454,0.99962926,0.0017733636,0.0017328167,0.0026806975
2022-11-02,22.7,0.9977119,0.9992994,4.7905934e-05,0.0034557264,0.0050037517
2022-11-03,22.33,0.99939144,0.99956363,0.0010320939,0.00041899513,0.0066606505
2022-11-04,22.22,0.9996686,0.9987784,0.00060911017,0.00015276048,0.99709547
2022-11-07,22.0,0.99984086,0.9986785,0.00013062038,0.00039698428,0.99762326
2022-11-08,22.07,0.9992993,0.9991086,0.0002406385,0.000521152,0.9967482
2022-11-09,22.07,0.99931765,0.9992976,0.0008982247,0.0006122231,0.9996051
2022-11-10,21.34,0.9997315,0.9998877,0.9970182,0.9960407,0.99997556
2022-11-11,22.04,0.9998797,0.9999145,0.00077154976,0.005594719,0.99967015
2022-11-14,21.82,0.99959594,0.99975616,0.9966208,0.994221,0.99960035
2022-11-15,21.49,0.99944896,0.9993383,0.9986313,0.998803,0.99982446
2022-11-16,21.85,0.9955368,0.99983,0.0044783414,0.9997496,0.9996811
2022-11-17,22.15,0.9992828,0.9999013,0.0015452515,0.9998522,0.997929
2022-11-18,22.0,0.99933773,0.9996619,0.0043656244,0.9999465,0.9995504
2022-11-21,21.85,0.9961761,0.99970406,0.99838376,0.999982,0.99988437
2022-11-22,21.85,0.99949193,0.99987507,0.99991965,0.99996364,0.99726367
2022-11-23,21.74,0.99992824,0.9999366,0.9998795,0.9999882,0.9999846
2022-11-24,21.67,0.99988854,0.99878556,0.9999485,0.999845,0.99997497
2022-11-25,21.85,0.99983406,0.9998971,0.9998399,0.9998037,0.9998466
2022-11-28,22.04,0.9998864,0.9994325,0.99971193,0.9996915,0.998917
2022-11-29,22.07,0.9999548,0.9994622,0.9993668,0.9999033,0.9992066
2022-11-30,22.11,0.9999596,0.999406,0.9998281,0.9998568,0.9997211
2022-12-01,22.22,0.99993396,0.9993105,0.9998746,0.99962986,0.99992406
2022-12-02,22.33,0.9999502,0.9994418,0.9996263,0.9997873,0.9999553
2022-12-05,22.51,0.99991715,0.99943274,0.9993661,0.99982965,0.9997037
2022-12-06,22.4,0.99995255,0.9977075,0.9999261,0.9990219,0.9999279
2022-12-07,22.44,0.99995995,0.9953686,0.99994206,0.9994722,0.999997
2022-12-08,22.62,0.99990726,0.9990589,0.99968886,0.9990088,0.99993813
2022-12-09,22.55,0.99986637,0.9980281,0.99996734,0.9998863,0.99998975
2022-12-12,22.59,0.99979824,0.9975376,0.9999634,0.9998677,0.99998724
2022-12-13,22.73,0.99936014,0.9992519,0.99995875,0.99967265,0.9999329
2022-12-14,22.73,0.999276,0.99889684,0.99983466,0.99918586,0.99979764
2022-12-15,22.81,0.99895465,0.999253,0.9994312,0.99899,0.99987733
2022-12-16,22.88,0.99933404,0.99830544,0.9998073,0.99985635,0.9998301
2022-12-19,22.95,0.9990914,0.9978656,0.9997516,0.9996275,0.9988105
2022-12-20,22.95,0.9990134,0.997364,0.99990356,0.9991959,0.99911195
2022-12-21,23.03,0.9997483,0.9895002,0.99952865,0.9997626,0.99964607
2022-12-22,23.25,0.9922655,0.016901027,0.9989698,0.99960953,0.99854076
2022-12-23,23.28,0.98813045,0.0032979331,0.99948657,0.99983966,0.9995134
2022-12-26,23.21,0.9925718,0.0065132147,0.9999776,0.99973124,0.99960834
2022-12-27,23.47,0.02976119,0.004817142,0.99968994,0.99947196,0.99719113
2022-12-28,23.69,0.004008852,0.0006082594,0.99957126,0.99994004,0.98810005
2022-12-29,23.8,0.0017321422,0.00061322,0.9992918,0.9991887,0.00548566
2022-12-30,24.13,0.00050505635,0.00037225566,0.9971522,0.9966696,0.001487033
2023-01-03,24.42,0.0013101683,0.0005274241,0.9975546,0.99914896,0.003344086
2023-01-04,24.57,0.00037230834,0.00028171373,0.9954919,0.99875534,0.0013512984
2023-01-05,24.68,0.0006220351,0.00012714969,0.9993262,0.99983406,0.0019269217
2023-01-06,24.75,0.00023642283,0.000102894686,0.020101897,0.9993932,0.003162192
2023-01-09,24.75,0.0002046858,7.370891e-05,0.99613994,0.99949646,0.0037333285
2023-01-10,24.71,0.00014604685,7.475472e-05,0.9993936,0.9933062,0.0049065277
2023-01-11,24.79,0.00014424995,0.00022411681,0.9979322,0.008092846,0.0026468365
2023-01-12,24.75,0.00022506392,0.00015182747,0.99865377,0.006358342,0.0019913588
2023-01-13,24.75,4.1654137e-05,5.7848865e-05,0.98688114,0.0022858656,0.0006162185
2023-01-16,24.82,3.796477e-05,0.00019649733,0.0037494046,0.0026557583,0.00093441666
2023-01-17,24.82,8.200952e-05,0.00016819859,0.0026620417,0.004081767,0.0020036441
2023-01-18,24.86,5.9652928e-05,0.0003235802,0.0031141646,0.00079639326,0.0004393003
2023-01-19,24.9,6.742191e-05,0.00019158963,0.0015835946,0.0016341079,0.00088561664
2023-01-27,24.97,5.5208395e-05,0.00017411048,0.0035574767,0.0017381153,0.001014182
2023-01-30,24.82,2.1156884e-05,9.723429e-05,0.0026023237,0.0022070042,0.0033189212
2023-01-31,24.79,2.0764466e-05,0.00055067777,0.0033032887,0.003234195,0.0024196485
2023-02-01,24.6,5.1114486e-05,0.0018557213,0.0039042854,0.0038877642,0.0026357172
2023-02-02,24.53,1.6690085e-05,0.0033865485,0.0022520917,0.004882752,0.00077924435
2023-02-03,23.32,0.00054718874,0.992488,0.9928939,0.99719775,0.99890924
2023-02-06,23.36,2.7843531e-05,0.009671997,0.0027858247,0.9984804,0.9995666
2023-02-07,23.43,3.3500557e-05,0.0011852025,0.0029814083,0.9918828,0.9995845
2023-02-08,23.47,1.5714302e-05,0.00036220867,0.00014043257,0.0050102724,0.9994904
2023-02-09,23.47,3.3886645e-05,0.00023465184,0.0006084444,0.0060527753,0.99985766
2023-02-10,23.43,5.3279797e-05,0.00012357037,0.0048354343,0.010255119,0.99774194
2023-02-13,23.28,0.00013637167,0.0024302665,0.99815935,0.018349508,0.9999192
2023-02-14,23.25,6.569672e-05,0.0020634425,0.9985979,0.99576354,0.9999809
2023-02-15,23.36,3.0599946e-05,0.0012840311,0.99525166,0.9977356,0.9998504
2023-02-16,23.43,4.8733404e-05,0.00044490784,0.0038298576,0.9975817,0.9999584
2023-02-17,23.43,5.7879875e-05,0.00016362703,0.0040901494,0.007870151,0.99849594
2023-02-20,23.69,0.0001235778,0.00051631976,0.0052993484,0.012927042,0.009320543
2023-02-21,23.65,7.606439e-05,0.00048021646,0.0044264067,0.99585515,0.0006320327
2023-02-22,23.39,1.7170583e-05,0.0008188772,0.99712235,0.9974015,0.99498135
2023-02-23,23.32,5.4731795e-06,0.0011455542,0.9995189,0.99532026,0.9978434
2023-02-24,23.17,5.17967e-06,0.0097249895,0.99985564,0.9996666,0.99904054
2023-02-27,23.1,1.6220296e-05,0.009752923,0.99977595,0.99879515,0.9903818
2023-02-28,23.28,1.1316251e-05,0.0048149573,0.99923456,0.998716,0.008719541
2023-03-01,23.5,2.6091348e-05,0.0005409391,0.9978204,0.9976406,0.0012105544
2023-03-02,23.47,2.2650676e-05,0.0006085911,0.99977297,0.9988626,0.0005738403
2023-03-03,23.43,8.7966495e-05,0.001908118,0.9982999,0.99289614,0.0010902056
2023-03-06,23.58,6.143393e-05,0.0038735745,0.99546576,0.0076714777,0.0005411733
2023-03-07,23.76,0.00017002052,0.00424522,0.012601611,0.0006230376,0.00011432061
2023-03-08,23.83,8.101382e-05,0.001470574,0.9894231,0.0010441651,0.0006793856
2023-03-09,23.91,8.12154e-05,0.0014486684,0.007380249,6.6466644e-05,7.304941e-05
2023-03-10,23.76,0.0001308807,0.0014481967,0.0039663673,4.6316094e-05,0.00038889682
2023-03-13,23.76,6.9867034e-05,0.0023731207,0.0010204663,1.2693445e-05,6.2405656e-05
2023-03-14,23.69,1.3440737e-05,0.0005319868,0.0018237204,0.000100138845,0.0019419962
2023-03-15,23.87,8.5768304e-05,0.0019194448,0.0002026267,5.6187433e-05,0.0003829162
2023-03-16,23.61,9.957276e-05,0.0010548905,0.0031094104,0.00032009862,0.00015331717
2023-03-17,23.65,2.479764e-05,0.00051044254,0.002453895,0.00026969402,0.00043806626
2023-03-20,23.54,0.000108336164,0.0039475453,0.0006332781,0.00049421116,0.0013318026
2023-03-21,23.58,3.466766e-05,0.0013162638,0.00021934729,9.100958e-05,0.00019700686
2023-03-22,23.58,0.0002382158,0.0043286053,4.5652883e-05,0.00037083848,8.537581e-05
2023-03-23,23.58,1.51247195e-05,0.0018601994,3.582708e-05,0.0012180274,0.0020132514
2023-03-24,23.25,0.0007611572,0.99770653,0.00021595992,0.00032716576,0.0033974696
2023-03-27,23.25,0.00043752103,0.99712807,0.00071394333,9.7632226e-05,0.00021184354
2023-03-28,23.1,0.001041972,0.9968605,0.0048638224,0.00034837818,0.0034305719
2023-03-29,23.03,0.003444974,0.9996525,0.99502015,0.004086292,0.0051918994
2023-03-30,23.06,0.0010051846,0.9996953,0.0022027013,0.00025152878,0.011009868
2023-03-31,23.06,0.0007709218,0.9992368,0.0021231722,0.00017911778,0.9847002
2023-04-03,23.17,0.00026779284,0.9993968,0.00062820513,0.00013670055,0.0042975065
2023-04-04,23.1,0.0005392336,0.9993249,0.00020895439,0.003842998,0.006037696
2023-04-05,23.14,0.00031906244,0.99939764,7.150501e-05,0.0007650112,0.0023900706
2023-04-06,22.99,0.00011729544,0.9996853,0.00019981008,0.011520464,0.99623674
2023-04-07,22.95,0.00022073132,0.9994149,0.009376331,0.0036247615,0.98860604
2023-04-10,22.95,0.00033556088,0.9998128,0.98890185,0.0036568241,0.0121345995
2023-04-11,22.99,6.0961047e-05,0.9990926,0.0016729245,0.00065151317,0.004467137
2023-04-12,22.99,6.398802e-05,0.99875605,0.001455559,0.0028184084,0.000246534
2023-04-13,22.99,9.8094824e-05,0.99938595,0.00047941058,0.0031149345,5.516745e-05
2023-04-14,22.95,5.0698356e-05,0.99930894,0.000977121,0.9944155,0.004989551
2023-04-17,22.99,0.0004718888,0.9998896,0.0014523019,0.9920357,0.0005280761
2023-04-18,22.92,3.4557546e-05,0.9998191,0.00048409586,0.9956119,0.0003859738
2023-04-19,22.84,0.00016444335,0.999729,0.008820217,0.9999778,0.0019685996
2023-04-20,22.88,0.000102736936,0.9996339,0.0037824973,0.99659604,0.0005585308
2023-04-21,22.81,5.4771102e-05,0.9996182,0.99778444,0.9996414,0.00093967165
2023-04-24,22.81,0.0002541305,0.99978656,0.99691063,0.9989938,0.0012566682
2023-04-25,22.62,0.00088326423,0.9999784,0.9992772,0.9989949,0.0023060774
2023-04-26,22.29,0.0073569827,0.99989223,0.9998548,0.9941796,0.02754294
2023-04-27,22.44,0.0015433062,0.99976474,0.99622226,0.009346145,0.004069477
2023-04-28,23.43,3.6786376e-05,0.99437946,0.00020958493,0.0004066487,0.0028873067
2023-05-04,23.06,0.00024999244,0.99947244,0.0009493487,0.0010450996,0.0014247653
2023-05-05,23.06,0.0003944852,0.99979514,0.0003100395,0.00032508327,0.00473929
2023-05-08,23.14,0.00014588148,0.9994997,0.0009018291,3.928174e-05,0.0037923043
2023-05-09,23.14,0.00021175893,0.99891615,0.00034329674,0.00022527712,0.004138026
2023-05-10,23.03,0.00018564638,0.999624,0.0012705735,0.0015310687,0.99217516
2023-05-11,22.88,0.0002958389,0.99963355,0.0009754601,0.0010215665,0.99800545
2023-05-12,22.73,0.0006013895,0.9997185,0.0010052861,0.0008929052,0.9975132
2023-05-15,22.59,0.0008799101,0.9998235,0.0016817141,0.0009660256,0.99773586
2023-05-16,22.26,0.0017115215,0.9997485,0.0018112219,0.004450788,0.99995196
2023-05-17,22.04,0.0036152352,0.9995689,0.008031645,0.99771345,0.9998654
2023-05-18,22.04,0.00063586567,0.9993793,0.0028432303,0.998432,0.999514
2023-05-19,21.96,0.006586451,0.9995932,0.9982008,0.9996575,0.99970716
2023-05-22,22.11,0.0015089012,0.999767,0.99885905,0.9990669,0.99984133
2023-05-23,22.0,0.0027902657,0.99975044,0.9990619,0.99984884,0.99998546
2023-05-24,21.93,0.0030884438,0.99946886,0.99974114,0.99982196,0.9999876
2023-05-25,21.93,0.00081085507,0.9992465,0.99962425,0.9998275,0.99995077
2023-05-26,22.04,0.00048453538,0.9998061,0.99976367,0.99997926,0.9997142
2023-05-29,22.15,0.0073530693,0.9999862,0.99805826,0.99971384,0.9996487
2023-05-30,22.15,0.0022385654,0.9999608,0.9995598,0.9996239,0.99876463
2023-05-31,22.26,0.0031118605,0.9999343,0.9998908,0.99991775,0.9995995
2023-06-01,22.4,0.0017733375,0.999859,0.9997497,0.99793637,0.997331
2023-06-02,22.95,0.001816089,0.9999354,0.99290305,0.98496336,0.9992405
2023-06-05,23.1,0.0016528142,0.99992764,0.9969662,0.00926572,0.99955255
2023-06-06,23.14,0.00096118683,0.9998579,0.009138806,0.014526395,0.9997402
2023-06-07,23.17,0.00091874663,0.9996954,0.007183232,0.997846,0.9975448
2023-06-08,23.03,0.0029826588,0.9996854,0.99640924,0.99938047,0.99938774
2023-06-09,22.99,0.000630463,0.9990276,0.9964206,0.9988701,0.9992557
2023-06-12,23.14,0.0017710313,0.99957746,0.010773493,0.9997297,0.9998061
2023-06-13,23.1,0.0002727729,0.9983986,0.0061266967,0.9996458,0.999094
2023-06-14,23.1,0.00041067606,0.99651104,0.99346656,0.9996125,0.9995074
2023-06-15,23.1,0.00042167195,0.99845994,0.9998186,0.998071,0.99966836
2023-06-16,23.06,0.0002587869,0.9987197,0.99988234,0.99991214,0.9986846
2023-06-19,23.06,0.00022574715,0.99716383,0.99961853,0.9996542,0.999705
2023-06-20,23.1,0.00015000295,0.9974119,0.99961853,0.9976829,0.9998541
2023-06-21,23.28,6.391203e-05,0.9895382,0.9985247,0.9999263,0.99751663
2023-06-22,23.39,0.0003265768,0.9872067,0.99808216,0.9998276,0.99818534
2023-06-23,23.92,9.256525e-05,0.003624576,0.0052879336,0.9996069,0.999286
2023-06-26,23.92,9.719509e-05,0.002455851,0.003793668,0.9996766,0.9994481
2023-06-27,23.96,0.00015154123,0.0022982026,0.0032582039,0.9994936,0.99898547
2023-06-28,24.05,0.00032544884,0.002856238,0.0056035705,0.99967,0.9995121
2023-06-29,23.92,0.00010485167,0.0010388339,0.9926804,0.9979522,0.998386
2023-06-30,23.83,0.00012845939,0.0007231447,0.99979156,0.99763,0.99947125
2023-07-03,23.83,3.2714277e-05,0.0008823301,0.9965754,0.99662423,0.9985684
2023-07-04,23.88,2.7712775e-05,0.0012569323,0.9963762,0.99722725,0.99708635
2023-07-05,24.05,3.951585e-05,0.00075430435,0.99412966,0.9992741,0.9986784
2023-07-06,25.2,7.827515e-05,0.00011657246,0.99931717,0.9998043,0.99827707
2023-07-07,25.24,6.3368454e-05,6.397331e-05,0.99536467,0.9992575,0.9963271
2023-07-10,25.33,0.00013909614,0.00032683654,0.99778014,0.9995732,0.9990564
2023-07-11,25.46,0.00012185358,0.00019092619,0.9952341,0.9993967,0.9990707
2023-07-12,25.29,0.00030107354,6.599429e-05,0.99944836,0.99915755,0.9986527
2023-07-13,25.51,5.064129e-05,0.0001271287,0.9992403,0.9978815,0.9973942
2023-07-14,25.55,0.000113939495,4.8343292e-05,0.9995253,0.9953252,0.99784315
2023-07-17,25.64,0.00013978488,0.00014875265,0.9998834,0.9986229,0.9981396
2023-07-18,25.81,4.8415357e-05,0.00023081044,0.99882656,0.99804556,0.99295807
2023-07-19,25.81,0.00039503272,8.6378066e-05,0.99980754,0.9963863,0.9925546
2023-07-20,25.81,0.00015766521,0.00010962863,0.99752516,0.99575305,0.98508966
2023-07-21,25.81,0.00013043953,0.00011033801,0.99884605,0.01706012,0.01884599
2023-07-24,25.9,5.394669e-05,0.00021276578,0.02749405,0.99250174,0.007837002
2023-07-25,25.99,0.00010154459,0.00043306453,0.99174833,0.9890154,0.004664288
2023-07-26,26.08,0.0001692614,0.00029314554,0.9972556,0.9959615,0.003742317
2023-07-27,26.12,0.00014408061,0.00018926176,0.99115235,0.9970854,0.0006193001
2023-07-28,26.17,7.190139e-05,0.00018039985,0.013757491,0.9933344,0.0011467902
2023-07-31,25.68,6.0601218e-05,0.00030397475,0.9968772,0.98855674,0.0038158535
2023-08-01,26.39,1.996402e-05,0.0001732761,0.9931068,0.0040237294,0.0007868449
2023-08-02,26.65,8.375952e-05,0.00030369757,0.0040583755,0.0032785689,0.006242874
2023-08-03,26.65,2.7053664e-05,4.7665326e-05,0.0018995645,0.0035661822,0.0017014835
2023-08-04,25.55,3.9598464e-05,0.001997493,0.9917671,0.0014521858,0.0008154829
2023-08-07,26.65,1.5549324e-05,2.385671e-05,6.601298e-05,1.1268372e-05,0.00022318152
2023-08-08,26.7,4.101913e-05,4.664005e-05,8.438083e-05,7.0766378e-06,0.00039008717
2023-08-09,26.43,8.511022e-06,2.9694966e-05,0.00022848032,7.9339414e-05,0.00052037317
2023-08-10,26.43,5.501588e-05,3.591599e-05,0.00031740588,0.00021420122,0.0002199368
2023-08-11,26.78,8.662331e-06,4.2729986e-05,5.2209532e-05,2.6567122e-05,9.832915e-05
2023-08-14,26.21,1.8986539e-05,3.3869783e-05,0.0017140964,0.00013691215,0.00014962182
2023-08-15,25.99,5.9533984e-05,0.0004253484,0.0015094868,0.00033927834,5.4391556e-05
2023-08-16,25.99,4.7340254e-05,6.232275e-05,0.0005604367,0.000119346456,6.27087e-05
2023-08-17,25.9,6.050519e-05,8.774423e-05,0.0019772002,0.00029882157,0.00017077163
2023-08-18,24.19,0.0014459223,0.0006580794,0.99834526,0.99588925,0.014282243
2023-08-21,23.44,0.005061583,0.0008532391,0.9982803,0.9843667,0.0032093755
2023-08-22,24.85,0.00034664467,0.00011017894,0.9878906,0.0015442771,4.732631e-05
2023-08-23,24.85,0.0003109231,2.6304933e-05,0.00944511,0.0036040498,4.0700827e-05
2023-08-24,25.07,9.534179e-05,7.363564e-05,0.00062018854,7.977153e-05,1.51227005e-05
2023-08-25,24.85,0.00016319123,0.0001187703,0.00038549028,0.000106100146,5.212804e-05
2023-08-28,24.93,0.00011072039,0.00017235088,7.3674826e-05,0.0004105324,1.8340794e-05
2023-08-29,24.98,2.2191642e-05,4.200561e-05,1.2611829e-05,0.00012290782,3.5624675e-05
2023-08-30,24.76,3.3709985e-05,3.972582e-05,0.00010950681,0.0002033087,4.6721692e-05
2023-08-31,24.76,2.086624e-05,8.1414684e-05,0.00022621945,0.00012719382,2.1856977e-05
2023-09-05,24.23,2.3645656e-05,0.000111849164,0.0021739884,0.00030328726,4.2831613e-05
2023-09-06,24.49,1.537056e-05,6.0735965e-05,0.0007478003,0.000117483956,3.7398593e-05
2023-09-07,24.19,0.00012624938,0.00040085902,9.8260156e-05,7.310634e-05,3.129456e-05
2023-09-08,24.23,2.019399e-05,8.3223145e-05,3.5751043e-05,2.4271847e-05,6.078336e-05
2023-09-11,23.79,0.00010542293,0.00038894243,0.0008127255,7.285226e-05,0.00026039415
2023-09-12,24.1,2.332714e-05,0.0001471969,0.00029126563,6.446674e-05,0.00017144333
2023-09-13,23.92,2.9523768e-05,0.0001432372,0.00036771977,2.2909846e-05,0.00012706606
2023-09-14,23.17,0.00027486816,0.0005254113,0.99518293,0.00040464173,0.001727809
2023-09-15,23.79,3.0630632e-05,0.00081739837,0.00028876885,0.00014279195,5.5128323e-05
2023-09-18,23.61,0.00010022148,0.00040310863,4.653631e-05,0.00078213634,0.0011746124
2023-09-19,23.61,8.973691e-05,0.0008132221,7.54535e-05,9.4878254e-05,9.727547e-05
2023-09-20,23.35,0.0008464495,0.003250932,0.00023176508,0.00031813388,0.0006703876
2023-09-21,23.35,0.00012645492,0.0003468736,0.000121894256,0.00014335592,5.1640687e-05
2023-09-22,22.47,0.004147695,0.0026100844,0.0102659315,0.007879171,0.007946147
2023-09-25,22.91,0.00091382704,0.0054823495,0.00031272345,0.00035277207,0.0046772743
2023-09-26,23.08,0.00031576186,0.0033181596,0.0010586688,7.569016e-05,0.0004086806
2023-09-27,23.13,0.00020699936,0.0020705222,0.0012462764,0.00361082,0.0049090334
2023-09-28,22.03,0.0052885306,0.0020131194,0.0018615305,0.0021615608,0.9953811
2023-09-29,22.03,0.0024460452,0.0022545208,0.00020078447,0.0018566031,0.99456304
2023-10-02,22.03,0.0012196678,0.0016966453,0.0047179237,0.003593367,0.99700975
2023-10-03,21.94,0.0010884176,0.0015752241,0.0075276257,0.014795525,0.9936599
2023-10-04,21.54,0.011708763,0.0017952567,0.99653256,0.9957088,0.99706393
2023-10-05,21.59,0.0014888664,0.0014469147,0.997969,0.97940207,0.99170554
2023-10-06,21.59,0.00047176087,0.00063700875,0.99832875,0.009262284,0.010577722
2023-10-09,21.63,0.00041054824,0.0005725111,0.9995454,0.99842155,0.9765543
2023-10-10,21.67,0.00034576654,0.00090080104,0.99787605,0.998384,0.025820224
2023-10-11,21.81,0.00036893925,0.0021574106,0.0014576488,0.99897623,0.97787446
2023-10-12,21.81,6.798794e-05,0.000244888,0.0045413496,0.99466336,0.0010481237
2023-10-13,21.85,0.00028053735,0.00017431847,0.0009148729,0.99699414,0.0002552942
2023-10-16,21.85,0.0006187901,0.0005143059,0.0024607317,0.9992106,0.004887168
2023-10-17,21.81,0.0002747733,0.0003390966,0.99777824,0.99901485,0.001090592
2023-10-18,21.76,9.0315094e-05,0.0001979974,0.9957814,0.9968946,0.00038076742
2023-10-19,21.67,0.00027668156,0.00025946953,0.9975237,0.9956623,0.0017858443
2023-10-20,21.54,9.1951e-05,0.00034177728,0.9984091,0.007311124,0.0013446726
2023-10-23,21.85,0.00016627231,0.0005862877,0.998137,0.9952918,0.00084881607
2023-10-24,22.73,0.0012942738,0.0009467983,0.0044148327,0.0003453286,0.00012766577
2023-10-25,22.82,0.0015325332,0.003168555,0.0014615079,6.0884588e-05,0.00017281443
2023-10-26,22.47,0.001367598,0.0005006946,0.9911377,3.3658427e-05,4.608822e-05
2023-10-27,22.51,0.0010489618,0.0012417962,0.0035648185,0.00021926845,1.9453193e-05
2023-10-30,22.33,0.0015698038,0.0025180914,0.007345979,0.00063396076,0.0005379856
2023-10-31,22.73,9.124359e-05,0.0065479847,0.0006914015,9.1917595e-05,1.41884675e-05
2023-11-01,22.82,0.00019030661,0.0008762534,7.936363e-05,3.990389e-05,1.747104e-05
2023-11-02,22.86,0.00092604064,0.00049854396,0.0005796493,0.00068830885,0.0007237159
2023-11-03,21.41,0.0005259597,0.0013159291,0.0013199652,0.0018379635,0.0035503998
2023-11-06,22.29,0.00248995,0.0029378347,0.00070448185,0.0010512538,0.00022379478
2023-11-07,21.5,0.0017527455,0.008760046,0.0001905946,0.00021672292,0.0007585118
2023-11-08,21.98,0.0010499026,0.002587241,0.00084651285,0.00054438005,0.00010181647
2023-11-09,21.59,0.000800643,0.005848505,0.0035500117,0.00031114547,0.00015754109
2023-11-10,20.97,0.0018051577,0.006263049,0.0024165292,0.0070125624,0.0009565217
2023-11-13,20.26,0.0015552161,0.03683499,0.991574,0.9829549,0.001309456
2023-11-14,20.4,0.00080243184,0.9441761,0.0020425636,0.010771284,0.001122004
2023-11-15,20.7,0.00037767357,0.018566266,0.00010831675,0.00034453787,0.0007440651
2023-11-16,20.66,0.0003440987,0.0015497473,2.7528235e-05,0.00023943037,0.0008134255
2023-11-17,20.4,0.00061257795,0.008068194,0.0010129695,0.0018278116,0.0011180999
2023-11-20,20.4,0.001541066,0.002326092,0.00076122215,0.0005903246,0.00067113485
2023-11-21,20.4,0.0011011248,0.0029767996,0.00091209303,0.0006194587,0.0013973768
2023-11-22,20.35,0.0033453351,0.0038766242,0.0014224823,0.00042211957,0.0016280838
2023-11-23,20.26,0.00966153,0.00940822,0.004542503,0.0021841407,0.009449179
2023-11-24,20.35,0.0022979206,0.003042434,0.00025891745,0.0003118053,0.00094076997
2023-11-27,20.31,0.0014653486,0.0006895514,0.00018106539,7.764029e-05,0.0018799012
2023-11-28,20.31,0.0023322972,0.0010535662,0.00019170182,0.00010671117,0.001451444
2023-11-29,20.31,0.006634252,0.0055178786,0.00031282424,0.0008215748,0.0067204107
2023-11-30,19.91,0.97589034,0.98953587,0.9891366,0.0031081839,0.99848974
2023-12-01,20.0,0.02243424,0.9934308,0.0026522018,0.0014068405,0.9988182
2023-12-04,20.04,0.0047219624,0.99554765,0.00035015674,0.0033227864,0.99952817
2023-12-05,20.0,0.005843605,0.9941592,0.00021702111,0.0021556274,0.9997148
2023-12-06,20.0,0.00611984,0.99543613,0.0002793542,0.0020452265,0.9998248
2023-12-07,20.0,0.0013140411,0.006202544,0.0017438367,0.0017768187,0.9988306
2023-12-08,20.0,0.00073186174,0.0007657505,0.0001817299,0.0029981409,0.993852
2023-12-11,19.96,0.0009276284,0.0023783238,0.00073752063,0.010364243,0.9992243
2023-12-12,19.96,0.0007306269,0.00075671583,0.0006903046,0.99210525,0.9990621
2023-12-13,19.91,0.0043616677,0.0029005199,0.0012317408,0.99840075,0.9997689
2023-12-14,19.91,0.0002984725,0.00061272306,0.003994323,0.99716055,0.99948823
2023-12-15,19.91,0.00025505992,0.000277002,0.011470624,0.99928194,0.9996722
2023-12-18,19.91,0.0001402364,0.00038465255,0.99779874,0.99912673,0.9998356
2023-12-19,19.91,6.209868e-05,0.00028951562,0.99793386,0.99871457,0.99991024
2023-12-20,19.91,0.00015138468,0.00037626375,0.99959046,0.99929786,0.9995714
2023-12-21,19.91,0.00016959517,0.00036371523,0.9997789,0.9999175,0.99901605
2023-12-22,19.91,9.057997e-05,0.0003254864,0.9999857,0.9998616,0.9966786
2023-12-25,19.96,0.00036930243,0.0006902313,0.9997956,0.9999355,0.99729544
2023-12-26,20.0,0.001031992,0.00039395338,0.9986444,0.99890757,0.99744415
2023-12-27,19.96,0.00081741903,0.00042085658,0.999539,0.99927527,0.99863905
2023-12-28,20.84,2.4212823e-05,0.00055525365,0.0011538888,0.00015024142,0.00028371208
2023-12-29,21.06,8.14285e-05,0.00034667755,0.0018650646,0.00026523662,0.00030894423
2024-01-02,21.1,0.00016199808,0.0006086737,0.0017173248,0.001062102,0.0009515088
2024-01-03,20.53,0.00013120109,8.138215e-05,0.99750143,2.187944e-05,0.0006451277
2024-01-04,20.75,0.00037985377,0.00034563013,0.9907588,0.00010135604,7.401714e-05
2024-01-05,20.79,0.00028664139,4.8600574e-05,0.00069473474,3.05109e-05,0.00045277204
2024-01-08,20.53,0.00028064277,2.3266466e-05,0.004285149,0.00035023835,0.0008110239
2024-01-09,20.66,0.00014339844,0.0001917095,0.00024080837,0.0012382093,0.0007289265
2024-01-10,20.62,0.0002281812,2.8521312e-05,5.965702e-05,0.0006620478,0.000666607
2024-01-11,20.79,0.00012748646,7.0656315e-05,0.00042892972,3.643452e-05,0.0003734642
2024-01-12,20.66,0.0003009797,0.00013133427,0.00029495516,0.005113768,0.0021260877
2024-01-15,20.53,0.00014894737,3.928717e-05,0.0022055884,0.0040315855,0.0039789183
2024-01-16,20.22,0.0024403005,0.0005497702,0.997554,0.9949175,0.9934909
2024-01-17,20.31,0.00024859223,0.00019711265,0.99724954,0.008946085,0.009469141
2024-01-18,20.31,0.0004681444,8.5767155e-05,0.9985329,0.003345806,0.0021760198
2024-01-19,20.35,0.0005821247,4.6689176e-05,0.014758655,0.003061635,0.00085210206
2024-01-22,20.48,0.00025996726,8.132514e-05,0.0006708445,0.0009309421,0.00024537276
2024-01-23,20.35,0.0006416301,0.00012074298,0.002434931,0.008817033,9.42607e-05
2024-01-24,20.35,4.7177604e-05,3.7488222e-05,0.0014142017,0.9916366,0.0001946763
2024-01-25,20.35,0.00013931024,2.5225205e-05,0.00089581835,0.9972479,0.00024804534
2024-01-26,20.35,0.00010417299,5.106065e-05,0.00090298767,0.9942781,0.0001708661
2024-01-29,20.26,9.06618e-05,0.0001455916,0.00048657673,0.9956786,0.0014201907
2024-01-30,20.26,5.2967127e-05,1.1947606e-05,0.0020095492,0.015345271,0.0010760552
2024-01-31,20.18,0.0019725976,0.00019383743,0.9977182,0.99468946,0.00026850717
2024-02-01,20.04,0.0010211295,0.00020503682,0.99666744,0.9947478,0.0023299805
2024-02-02,20.04,0.005040949,0.00013469806,0.9970566,0.9954217,0.00021633376
2024-02-05,20.26,0.0029360934,0.0003465675,0.9893965,0.00032783425,6.8508143e-06
2024-02-06,20.26,0.00046211653,5.439249e-05,0.0036084088,0.00031064576,2.650525e-05
2024-02-07,20.44,0.00020615124,0.00010396965,0.0012941406,0.0009926732,3.0746643e-05
2024-02-15,20.48,0.0012378042,5.0370512e-05,0.00060397614,0.0004224396,4.1356412e-05
2024-02-16,20.48,0.00060941966,0.00011294041,0.000545684,0.001768915,0.0003139039
2024-02-19,20.31,5.8167156e-05,2.5447467e-05,0.0014379881,7.8566496e-05,0.000652272
2024-02-20,20.26,7.3256866e-05,2.1716607e-05,0.001028767,0.00022299605,5.793151e-05
2024-02-21,20.22,6.873429e-05,4.777635e-06,0.00023336268,4.0602048e-05,7.1979535e-05
2024-02-22,20.26,4.911748e-05,3.3760666e-06,4.454268e-05,4.7617577e-05,0.000110445595
2024-02-23,20.26,5.1657233e-05,1.1459211e-05,2.2322838e-05,1.8608715e-05,6.12876e-06
2024-02-26,20.18,6.7377754e-05,2.2963262e-05,0.00038166816,0.0004969131,0.00048429734
2024-02-27,20.18,2.7534325e-05,7.963622e-06,0.0002024033,1.3797379e-05,9.573326e-05
2024-02-28,20.22,8.46167e-06,0.000110065215,1.49049965e-05,5.475152e-05,2.2566697e-05
2024-02-29,20.18,0.0001261335,0.00021841629,0.00010824333,0.0005808442,0.00015579641
2024-03-01,20.22,6.288661e-06,5.7245376e-05,2.9884939e-05,0.0014523213,0.00068258645
2024-03-04,20.13,2.410022e-05,0.00056652544,7.016074e-05,2.9616063e-05,0.00050065265
2024-03-05,20.13,1.9456422e-05,0.00012545708,2.2124108e-05,1.5541584e-05,0.0003428934
2024-03-06,20.04,1.8896384e-05,0.00047890676,0.00048161944,0.00014739129,0.0008495524
2024-03-07,20.04,3.9220165e-05,0.00032004982,0.00093361264,6.069775e-05,0.0003762634
2024-03-08,20.0,4.891065e-05,0.00028135433,0.000774472,0.0010790876,5.2135794e-05
2024-03-11,19.87,0.0010698349,0.0028449448,0.0020446447,0.000584578,5.9525802e-05
2024-03-12,19.87,0.0004173243,0.0024842564,0.00048005235,0.0010370895,1.3462661e-05
2024-03-13,19.91,0.00015368222,0.0007902217,5.4935776e-05,0.0010017968,3.3759497e-05
2024-03-14,19.91,6.1002745e-05,0.0015895413,5.6892284e-05,0.000762247,0.00013822931
2024-03-15,19.91,1.8433238e-05,0.004509114,0.00010423003,0.0005935068,0.00010051588
2024-03-18,19.78,0.0002216407,0.006946735,0.002230803,0.0042477804,7.6991404e-05
2024-03-19,19.78,0.00027532846,0.01437185,9.2772825e-05,0.0005344213,1.1014873e-05
2024-03-20,19.87,5.7023513e-05,0.990306,7.254971e-05,2.7511307e-05,1.3496084e-05
2024-03-21,19.87,0.00016454968,0.994823,1.7371556e-05,0.0009856194,6.676993e-05
2024-03-22,19.69,0.0009000264,0.9955973,0.0011629006,0.010583448,0.0011098429
2024-03-25,19.47,0.0006050022,0.99075466,0.0004652614,0.0019385011,0.002201201
2024-03-26,19.65,0.00024074408,0.9942411,0.0028759802,0.0015919261,5.802096e-05
2024-03-27,19.56,0.0006109221,0.0072232205,5.7146433e-05,0.0012899535,0.0010072672
2024-03-28,19.56,0.0008386751,0.012552223,0.00035984398,0.0044089933,0.00058415695
2024-03-29,19.47,0.0006983132,0.020297216,0.00048350837,0.9920443,0.006246745
2024-04-01,19.47,0.0012539285,0.0042530335,0.0004892178,0.9970289,0.00031483904
2024-04-02,19.43,0.0007837165,0.004259893,0.00014354524,0.99550855,0.002758766
2024-04-03,19.38,0.00045182568,0.004807261,0.0017624157,0.9952625,0.97578055
2024-04-04,19.38,0.0005221372,0.0019079671,0.99735045,0.9964431,0.0014741324
2024-04-05,19.34,0.0002932403,0.0026299285,0.9956642,0.9980989,0.0047690305
2024-04-08,19.3,0.00026514128,0.0018122767,0.99887794,0.9977144,0.0015403603
2024-04-09,19.3,0.0009842381,0.0021290914,0.999448,0.9987494,0.0014302778
2024-04-10,19.38,0.000257762,0.005781869,0.998933,0.009888684,0.0005488877
2024-04-11,19.43,0.00032536447,0.0017143616,0.9996543,0.015187666,0.0018540986
2024-04-12,19.91,0.0003174195,0.0023153673,0.005085402,0.00026391735,0.00084591814
2024-04-15,19.69,0.00025591688,0.0009535476,9.648211e-05,0.0004395556,0.000334378
2024-04-16,19.52,0.0037571196,0.0018740381,0.0006958721,0.0018667635,0.0011443393
2024-04-17,19.56,0.0021899962,0.0002457183,0.0005540393,0.00012758326,5.1369858e-05
2024-04-19,19.47,0.0024003398,0.0010230229,0.0029932016,0.0016185258,6.652365e-05
2024-04-22,19.52,0.0010318077,0.00013811798,0.00012516911,8.6062515e-05,7.126397e-05
2024-04-23,19.38,0.0016037037,0.00024493053,0.005231789,0.0007930982,7.129047e-05
2024-04-24,19.47,0.0011655594,0.0005254403,0.003978769,0.00014159095,8.4847205e-05
2024-04-25,19.38,0.001877488,0.00017415847,0.99117064,0.0032128615,0.00020995755
2024-04-26,19.38,0.0011600693,0.00044734677,0.007725695,0.0007443417,0.00012151593
2024-05-02,19.34,0.003196771,0.007301084,0.0018203304,0.9936466,0.0012369703
2024-05-03,19.3,0.00033855636,0.9911073,0.00062734383,0.9956054,0.0015466433
2024-05-06,19.38,9.1370195e-05,0.005486209,0.0004887841,0.0038530384,0.00061024236
2024-05-07,19.43,0.000652398,0.00035942826,0.00068017177,0.0008410893,0.001066704
2024-05-08,19.3,0.0005536611,0.005380435,0.00069014245,0.0027429173,0.0020995373
2024-05-09,19.34,0.0006736253,0.0070714545,0.99457765,0.0023796877,0.00012997331
2024-05-10,19.16,0.00025484432,0.9951025,0.9978782,0.9903482,0.00084673916
2024-05-13,19.16,0.0026575865,0.9926838,0.9983689,0.0048454464,0.00076799974
2024-05-14,19.12,0.0059960913,0.9954065,0.9989675,0.002270568,0.00027403867
2024-05-15,19.16,0.0023661903,0.025633283,0.99862826,0.0042476314,0.0037965039
2024-05-16,19.47,0.0008941989,0.0040285042,0.0009326916,0.0016158735,0.011870251
2024-05-17,19.38,0.0030002738,0.00054349244,0.0029117337,0.0009493994,0.013104709
2024-05-20,19.38,0.001970644,0.00081444735,0.0006973074,0.0009514404,0.98760855
2024-05-21,19.34,0.0073384624,0.0013759192,0.0025653888,0.0022559531,0.9980363
2024-05-22,19.3,0.002318768,0.0013062317,0.0014152755,0.0030638583,0.9986199
2024-05-23,19.34,0.002228991,0.0002420133,0.0023971242,0.00032026498,0.99913126
2024-05-24,19.25,0.005561387,0.0007864862,0.00074405555,5.6858604e-05,0.99709284
2024-05-27,19.07,0.01972459,0.00611162,0.0011696351,0.0039543347,0.99140257
2024-05-28,19.07,0.9882578,0.010519969,0.006737834,0.0009908528,0.0028679685
2024-05-29,19.03,0.99606776,0.9775029,0.994997,0.0057138773,0.0054945797
2024-05-30,18.94,0.9990363,0.99221027,0.9991567,0.98409134,0.0022107267
2024-05-31,18.94,0.998877,0.99485815,0.99908197,0.99660057,0.0011729879
2024-06-03,19.03,0.99885595,0.9967174,0.9969043,0.9971079,0.0006608079
2024-06-04,19.03,0.99746895,0.9976057,0.0069598462,0.9983834,0.0016449599
2024-06-05,19.12,0.9985996,0.9961481,0.0033325201,0.9990146,0.002465581
2024-06-06,19.12,0.99871445,0.9938642,0.00401378,0.999119,0.00015961684
2024-06-07,19.07,0.998602,0.99375856,0.99867994,0.9997973,0.0031626069
2024-06-10,19.07,0.999141,0.008330289,0.9986701,0.99181646,0.00085677864
2024-06-11,18.99,0.9975823,0.009464478,0.9961324,0.0049167005,0.0017587134
2024-06-12,19.03,0.99275416,0.0011560566,0.99829036,0.003431604,0.00086091866
2024-06-13,19.12,0.99925584,0.010984161,0.99905807,0.0030504586,0.0013640539
2024-06-14,19.38,0.9923016,0.0071457145,0.9963251,7.5276344e-05,0.00012366066
2024-06-17,19.74,0.0146992,0.0018924564,0.9948778,0.00060434267,0.00027962358
2024-06-18,20.0,0.0038770223,0.0017413235,0.00222293,0.00034842582,0.0009829805
2024-06-19,20.18,0.0035184848,0.0007835052,0.0005273178,0.0009709663,0.0015674528
2024-06-20,20.48,0.004121177,0.0004784286,0.0023513439,0.0021828047,0.0019121425
2024-06-21,20.93,0.004410865,0.0012189844,0.004281257,0.0019673419,0.005950466
2024-06-24,19.91,0.0014465833,4.057809e-05,0.0012555562,0.0002904296,0.0018661193
2024-06-25,18.63,0.99724174,0.004399501,0.00052763004,0.004720132,0.999458
2024-06-26,18.63,0.99399877,0.0007391843,0.0052079204,0.005088571,0.99857676
2024-06-27,18.33,0.9975521,0.000721482,0.99900836,0.98431003,0.99944156
2024-06-28,18.33,0.9990883,0.0014454667,0.9914629,0.006883983,0.9998423
2024-07-01,18.37,0.9992711,0.0011881867,0.004470542,0.007503372,0.99987733
2024-07-02,18.41,0.99770737,0.0026024773,1.648899e-05,0.0036697881,0.99991953
2024-07-03,18.46,0.998782,0.006887573,0.00028698103,0.008640509,0.9999937
2024-07-04,18.41,0.99974316,0.0029840558,0.0010955329,0.9968733,0.9999844
2024-07-05,18.41,0.9994438,0.0017797481,0.00033993556,0.99629825,0.9999701
2024-07-08,18.37,0.99945205,0.002014944,0.0003464978,0.99875164,0.9999963
2024-07-09,18.41,0.99930036,0.0015748169,0.0053172065,0.99758935,0.999944
2024-07-10,18.41,0.999705,0.00089737953,0.0068405117,0.9989741,0.9999163
2024-07-11,18.41,0.99922156,0.00014266415,0.9953147,0.9991609,0.99997854
2024-07-12,18.33,0.99947196,0.00019075988,0.9994741,0.9997464,0.99999833
2024-07-15,18.33,0.99962735,0.0003383594,0.9991033,0.99887496,0.99998546
2024-07-16,18.33,0.9992755,0.0006100054,0.9986526,0.99952924,0.99997747
2024-07-17,18.33,0.9997645,0.0017197414,0.99983764,0.99960285,0.99998736
2024-07-18,18.5,0.9995591,0.0010660397,0.9991208,0.9995301,0.9999714
2024-07-19,18.55,0.999574,0.0002126743,0.99660504,0.9986437,0.9995851
2024-07-22,18.63,0.99907863,0.0008536612,0.9987338,0.99687564,0.9979248
2024-07-23,18.9,0.99164784,0.0020768533,0.99677026,0.9867792,0.9967879
2024-07-24,19.34,0.039803587,0.00091717235,0.009854252,0.00610539,0.019934922
2024-07-25,19.3,0.021804856,0.00018621724,0.99473673,0.0013960021,0.99377865
2024-07-26,19.34,0.98592806,0.00034487012,0.99631065,0.0022580535,0.99492586
2024-07-29,19.34,0.9852213,0.00016468547,0.0043413267,0.0009906131,0.9977646
2024-07-30,19.3,0.027172232,0.00012783596,0.9960775,0.0019108406,0.9950566
2024-07-31,19.21,0.0094075315,0.0003973345,0.0062936437,0.0040261555,0.99459606
2024-08-01,19.34,0.0004587867,0.0005836825,0.0051367884,0.00040518583,0.014905901
2024-08-02,19.91,0.00019684389,0.000101028534,0.00203096,0.0020310974,0.00078531896
2024-08-05,19.3,9.115993e-05,8.76979e-06,0.00019672982,0.00097190664,0.001361741
2024-08-06,19.38,0.000108767395,3.495402e-05,0.0007779733,0.0014770263,0.001182008
2024-08-07,19.03,0.00078812736,0.00013581573,0.0011765334,0.9976566,0.001059909
2024-08-08,19.03,0.0028391771,5.122936e-05,0.0020947633,0.9984327,0.00073942106
2024-08-09,19.12,0.0007253831,6.058608e-05,0.00536986,0.99964094,0.00018600783
2024-08-12,19.16,0.0009961098,0.00018292842,0.003489975,0.9991068,0.0049608704
2024-08-13,18.77,0.031129561,0.0012645129,0.99831736,0.9992779,0.0015613247
2024-08-14,19.03,0.007787998,6.480197e-05,0.99861693,0.99727947,0.00018969228
2024-08-15,18.99,0.991046,0.00037498414,0.99942756,0.9987457,0.00011388431
2024-08-16,19.03,0.01890053,0.0027405457,0.9985998,0.9944812,8.320728e-05
2024-08-19,19.03,0.010859107,0.0008898493,0.9985769,0.0066499203,0.00016460258
2024-08-20,19.03,0.9859665,0.001361127,0.99863976,0.0044185943,0.00012036662
2024-08-21,19.07,0.005474101,0.0002615721,0.9991684,0.00020800384,0.00014910626
2024-08-22,20.0,0.0008525159,0.0023702618,0.0005223087,1.3935076e-05,5.3076394e-05
2024-08-23,20.0,0.0013068382,0.0013625862,0.00014978799,2.0956999e-05,4.6912017e-05
2024-08-26,19.85,0.00043587334,0.0013989487,0.00014427623,0.00015892055,0.00061173196
2024-08-27,19.4,0.0040748124,0.00017579166,0.0005804648,5.6760382e-05,0.00033098756
2024-08-28,19.25,0.002079462,0.0003414436,0.0009959324,0.00124152,0.0003347847
2024-08-29,19.15,0.0004743196,0.000525661,0.0014111007,0.0006231228,0.000993202
2024-08-30,19.2,0.0005485286,0.00027930626,0.0024197027,0.0037264538,0.0005864202
2024-09-04,18.5,0.992774,0.0031436475,0.000896786,0.0011851377,0.010144977
2024-09-05,18.5,0.047555786,0.007072754,0.0070031784,0.000764103,0.008154127
2024-09-06,18.0,0.9962924,0.0075718504,0.009102882,0.008426935,0.014314393
2024-09-09,18.1,0.99904615,0.016027657,0.0013801943,0.004371905,0.012509693
2024-09-10,17.0,0.9990538,0.014978909,0.0026583578,0.011322579,0.9960718
2024-09-11,16.0,0.99959296,0.9908387,0.0150249,0.9992675,0.99602306
2024-09-12,15.05,0.9990771,0.997315,0.9987581,0.9994916,0.99928623
2024-09-13,15.25,0.9994647,0.9997459,0.9998877,0.9998925,0.9997371
2024-09-16,15.25,0.998645,0.9994844,0.99961793,0.9997477,0.99910396
2024-09-17,15.45,0.99932027,0.99982065,0.9991555,0.9999676,0.9997595
2024-09-18,15.6,0.999602,0.9995653,0.99915123,0.9999472,0.9997526
2024-09-19,16.65,0.9995136,0.9993113,0.9998178,0.9993724,0.99279577
2024-09-20,16.55,0.9995802,0.9993343,0.9995284,0.99879396,0.99318117
2024-09-23,15.95,0.9998642,0.99932075,0.9991831,0.9996239,0.99980134
2024-09-24,16.5,0.9997625,0.99983335,0.99980706,0.9999615,0.9961932
2024-09-25,16.65,0.9995809,0.99648726,0.99939275,0.9998086,0.010417787
2024-09-26,17.0,0.99904233,0.011515485,0.99924743,0.99566853,0.0037691756
2024-09-27,17.0,0.99973685,0.004676777,0.99890494,0.9986142,0.0035549407
2024-09-30,17.05,0.9997471,0.008737918,0.9961976,0.99288166,0.0031860783
2024-10-01,17.45,0.99983704,0.0033576281,0.008752067,0.005680106,0.00069616927
2024-10-02,17.55,0.99929976,0.0029169424,0.0028492482,0.0036625303,0.0025918002
2024-10-03,17.8,0.99842834,0.0077776294,0.0039797476,0.00026167888,0.0007417953
2024-10-04,17.5,0.99916697,0.0056710267,0.9905267,0.00046256656,0.0012369562
2024-10-07,17.1,0.9996879,0.0055440697,0.99731123,0.004127403,0.0019706243
2024-10-08,17.1,0.99920434,0.00871383,0.9940743,0.00023024513,0.0005110231
2024-10-09,17.5,0.99784636,0.00054492493,0.0008236588,1.0520077e-05,0.00035849132
2024-10-10,17.5,0.9991498,0.0012686345,0.0046372064,2.9443661e-05,0.00089515065
2024-10-11,17.6,0.99967337,0.0019928776,0.0013219436,0.0005881789,0.0030249893
2024-10-14,17.4,0.99962056,0.0006614638,0.0026142173,3.640653e-05,0.0014746238
2024-10-15,17.4,0.9997764,0.0015649355,0.00012226001,0.00014799093,0.0076343524
2024-10-16,16.7,0.99974924,0.9996132,0.00037102343,0.0080530625,0.008159682
2024-10-17,16.75,0.99921477,0.9996804,0.00036053004,0.002322494,0.0073652747
2024-10-18,16.7,0.9999075,0.9999311,0.0036420398,0.9942312,0.99073935
2024-10-21,16.7,0.9981893,0.9996655,0.00024298808,0.009845858,0.997919
2024-10-22,16.7,0.99773264,0.99990475,0.00055928936,0.9936792,0.99883956
2024-10-23,16.65,0.9932407,0.99899846,0.0037914938,0.999403,0.9999516
2024-10-24,16.65,0.9981511,0.9995715,0.009397564,0.999757,0.99995613
2024-10-25,16.65,0.9994423,0.99918455,0.995758,0.9998667,0.99995744
2024-10-28,16.65,0.99810874,0.9995204,0.9947759,0.9992623,0.9997683
2024-10-29,16.6,0.99653435,0.99934417,0.9974527,0.9999484,0.9998684
2024-10-30,16.5,0.9980646,0.99960476,0.999655,0.99969375,0.9999052
2024-10-31,16.55,0.99865013,0.99950933,0.99975973,0.99988174,0.99982977
2024-11-01,16.95,0.99971503,0.99713373,0.00023468363,0.009529175,0.9939838
2024-11-04,16.7,0.99894303,0.99944,0.0041183517,0.9955107,0.99694854
2024-11-05,16.75,0.99910635,0.99880385,0.0069493377,0.9946872,0.9982424
2024-11-06,16.9,0.9990658,0.99687994,0.001058751,0.013551506,0.99564064
2024-11-07,16.85,0.999432,0.9957989,0.0026308417,0.9972084,0.99695325
2024-11-08,16.75,0.9978162,0.9986651,0.9966677,0.9978325,0.99878186
2024-11-11,16.7,0.99874747,0.99833435,0.9976786,0.9996711,0.9993499
2024-11-12,16.65,0.9942008,0.9984035,0.9966041,0.9994691,0.99951005
2024-11-13,16.7,0.9958134,0.99615073,0.9949103,0.99771273,0.9978549
2024-11-14,16.75,0.9991405,0.99771667,0.9958079,0.9968413,0.9986753
2024-11-15,16.8,0.99978584,0.99910563,0.998287,0.9998197,0.99952495
2024-11-18,16.85,0.999739,0.9989303,0.005248838,0.99460137,0.99720436
2024-11-19,16.9,0.9998362,0.99941576,0.008892272,0.9954444,0.9928437
2024-11-20,16.9,0.9998969,0.9986314,0.994974,0.9998124,0.9973169
2024-11-21,16.9,0.9996351,0.99914026,0.9965947,0.99933136,0.014297207
2024-11-22,16.9,0.99995327,0.99925846,0.9999672,0.9999691,0.013935515
2024-11-25,16.85,0.9993697,0.9997218,0.9995296,0.99977523,0.9919749
2024-11-26,16.9,0.9998952,0.99985576,0.99600756,0.9995821,0.99315006
2024-11-27,16.95,0.99993074,0.99981815,0.0078060143,0.99872655,0.98651356
2024-11-28,17.0,0.99991643,0.99982184,0.9986777,0.99929976,0.0153472
2024-11-29,17.0,0.99992764,0.9996549,0.99898833,0.9972609,0.0020893994
2024-12-02,16.95,0.9999678,0.99957484,0.9996532,0.9994516,0.0070563843
2024-12-03,17.0,0.99960846,0.9992594,0.99919325,0.9935502,0.0009961075
2024-12-04,16.95,0.99939835,0.9981207,0.9965689,0.99093974,0.012148395
2024-12-05,17.2,0.998992,0.99928075,0.9979513,0.007457328,0.0012280144
2024-12-06,17.25,0.9998381,0.9976503,0.9923036,0.0028735744,0.00038308415
2024-12-09,17.3,0.99971765,0.9989843,0.006647744,0.0029101255,0.001348366
2024-12-10,17.35,0.9994254,0.9983322,0.0011361853,0.0015502195,0.00077908393
2024-12-11,17.35,0.9989386,0.9955751,0.0006540932,0.0008442927,0.0016244203
2024-12-12,17.4,0.99984336,0.99865353,0.002457252,0.0025251508,0.0069601396
2024-12-13,17.35,0.9995521,0.9983829,0.009105196,0.006888845,0.98954505
2024-12-16,17.3,0.99977726,0.9986987,0.0059706406,0.0015986284,0.9912555
2024-12-17,17.3,0.9953061,0.99808156,0.006113732,0.0006227814,0.99652964
2024-12-18,17.25,0.99939716,0.9991598,0.0026138704,0.0068914457,0.99968445
2024-12-19,16.5,0.9998498,0.99844605,0.99815756,0.9970522,0.999956
2024-12-20,16.7,0.9998035,0.9989281,0.99660957,0.99774456,0.99981445
2024-12-23,16.95,0.9994043,0.9977397,0.0024527758,0.008884459,0.999033
2024-12-24,17.05,0.9999883,0.9990004,0.00066308153,0.99464756,0.9988681
2024-12-25,17.25,0.9997818,0.99876535,0.0028638544,0.010057619,0.9998024
2024-12-26,16.9,0.9999565,0.9996413,0.0036103227,0.9999423,0.9980434
2024-12-27,16.9,0.9999721,0.9997985,0.0077325264,0.99975246,0.998038
2024-12-30,16.7,0.99993,0.99953675,0.9971275,0.99949896,0.9999471
2024-12-31,16.75,0.9999386,0.99937963,0.99749786,0.99944204,0.9998022
2025-01-02,16.75,0.9999697,0.9981298,0.9992067,0.9990758,0.9997625
2025-01-03,16.8,0.99960726,0.99859315,0.99668163,0.99729437,0.9995565
2025-01-06,16.75,0.99989676,0.9987081,0.9981225,0.9994561,0.9998764
2025-01-07,16.8,0.9999027,0.99950075,0.99954283,0.99803776,0.9985077
2025-01-08,17.1,0.9999869,0.99971706,0.9993849,0.9979419,0.9984968
2025-01-09,17.05,0.99978715,0.99981934,0.99965537,0.999938,0.998728
2025-01-10,17.4,0.9999075,0.9995024,0.9998123,0.99794847,0.99940383
2025-01-13,17.5,0.9992052,0.99972826,0.99899393,0.99702245,0.9996469
2025-01-14,17.45,0.9998197,0.9997514,0.99874854,0.9984665,0.99974364
2025-01-15,17.7,0.99881506,0.999514,0.9983897,0.99752647,0.9995221
2025-01-16,17.8,0.9988374,0.9984376,0.9987311,0.9984824,0.99962497
2025-01-17,17.9,0.9992873,0.9991073,0.99849474,0.9990595,0.99957615
2025-01-20,18.0,0.9990502,0.99830014,0.99712425,0.99909735,0.999759
2025-01-21,18.45,0.9911239,0.98421854,0.99628496,0.99880266,0.99767894
2025-01-22,18.75,0.98229295,0.017745564,0.0085583385,0.9988188,0.9978561
2025-01-23,18.75,0.030236125,0.0024657547,0.008547143,0.9969439,0.9966012
2025-01-24,18.75,0.003724827,0.0018618895,0.0097471345,0.99813783,0.99762684
2025-02-03,18.7,0.0026511122,0.0008815503,0.0061327918,0.9990515,0.9993585
2025-02-04,18.8,0.003220944,0.0029173098,0.99624455,0.9995802,0.99964666
2025-02-05,18.65,0.002529998,0.004108072,0.9988192,0.99914134,0.9999217
2025-02-06,18.65,0.0004864232,0.0010377755,0.9997546,0.99965596,0.9997471
2025-02-07,18.7,0.00041923366,0.0037291967,0.99948895,0.99887425,0.99966276
2025-02-10,18.7,0.00067418604,0.0075664707,0.99548584,0.9972658,0.9995227
2025-02-11,18.95,0.0004138955,0.9608924,0.9985663,0.99090147,0.9992478
2025-02-12,18.95,0.0011314438,0.010215609,0.99800974,0.99704486,0.9969202
2025-02-13,19.05,0.00105679,0.025039444,0.9960675,0.99547184,0.99857175
2025-02-14,19.5,0.0013921956,0.0066192984,0.991869,0.0034969905,0.99134594
2025-02-17,19.85,0.00027922797,0.0012788512,0.005303125,0.013754289,0.019460909
2025-02-18,19.75,0.00082470797,0.0013198591,0.00784133,0.012685693,0.03007695
2025-02-19,19.6,0.00018790615,0.00052896544,0.0009888625,0.01310912,0.99451715
2025-02-20,19.6,1.8803088e-05,0.00029789086,0.0011527846,0.010055506,0.99305844
2025-02-21,19.55,0.00016317163,0.0008696872,0.00057785347,0.9927095,0.99968183
2025-02-24,19.65,3.5367142e-05,0.0018316103,0.0016878558,0.99241734,0.9963451
2025-02-25,19.6,9.3788636e-05,0.001425201,0.0039190766,0.9988607,0.99918
2025-02-26,19.3,3.582657e-05,0.0008512378,0.9937995,0.9980299,0.99428
2025-02-27,19.5,1.5250132e-05,0.00014393353,0.0031856014,0.99498546,0.9979134
2025-02-28,19.4,9.871401e-06,0.0005325878,0.99706477,0.9983576,0.99140525
2025-03-03,19.45,2.8988383e-05,0.00021792724,0.99557084,0.9994418,0.9966287
2025-03-04,19.45,8.906351e-05,0.0011370477,0.9980051,0.9988285,0.9963922
2025-03-05,19.45,6.4217376e-05,0.0001713113,0.99964297,0.9982071,0.008098
2025-03-06,19.45,2.076223e-05,0.00011398361,0.9990858,0.9948813,0.00417681
2025-03-07,19.65,0.00020393346,0.00015512106,0.99688524,0.98994255,0.003788134
2025-03-10,19.8,0.00022176733,0.0006463067,0.0014259117,0.004848439,0.001656291
2025-03-11,19.8,2.7446582e-05,0.00012185545,0.0031941405,0.0007747189,0.011774968
2025-03-12,19.85,9.624456e-05,0.00022171868,0.00504608,0.0008694337,0.9817394
2025-03-13,19.8,5.882422e-05,0.00043054335,0.9918733,0.001124256,0.9826974
2025-03-14,19.8,0.00021623293,0.00045912448,0.9965618,0.00081911916,0.0042686337
2025-03-17,19.8,0.00011283148,0.001998517,0.010883504,0.0003688842,0.0010110283
2025-03-18,19.7,4.067487e-05,0.0001836285,0.9883222,0.0030501455,0.0027107566
2025-03-19,19.8,2.4777075e-05,0.0003814668,0.004168243,0.0008927976,0.0007462003
2025-03-20,19.85,2.924174e-05,0.00031742526,0.0010946174,5.6035788e-05,0.0005655349
2025-03-21,19.85,3.740876e-05,0.00087037694,9.4262316e-05,0.00011733158,0.00085184554
2025-03-24,19.75,2.547753e-05,0.00029429927,0.0034272447,0.0071145943,0.0006232793
2025-03-25,19.8,1.3590004e-05,0.00022804047,0.00093777425,0.00707398,5.5269444e-05
2025-03-26,19.55,4.7750815e-05,0.002123915,0.0029076182,0.99256986,0.0013680441
2025-03-27,19.6,9.703385e-06,0.00026255377,0.0022606289,0.9940204,0.000126446
2025-03-28,19.7,6.8003287e-06,8.795122e-05,0.0013665616,0.0015704796,0.00017871261
2025-03-31,19.55,1.1048329e-05,0.00051835115,0.00036825545,0.0048626293,0.0018165014
2025-04-01,19.55,4.314589e-06,0.00023804595,0.00032445905,0.0006805657,0.00023712151
2025-04-02,19.2,0.00044325733,0.016287062,0.9962281,0.99326986,0.0021987725
2025-04-03,18.7,0.010034699,0.0024143036,0.9980363,0.99928004,0.007625008
2025-04-04,19.2,0.00016473871,0.00234741,0.0018922953,0.0055617536,0.00062853115
2025-04-08,19.0,0.0015977237,0.006273585,0.0046496075,0.9941493,0.002586028
2025-04-09,19.3,0.0002170865,0.005251321,0.000108941465,0.0007788401,7.766413e-05
2025-04-10,20.65,0.00010843528,0.007950719,9.638086e-05,0.00020281479,0.0008745468
2025-04-11,20.0,8.240926e-05,0.0076670614,0.0005790394,2.5715332e-05,0.0055420115
2025-04-14,19.15,7.976302e-05,0.9958832,0.0035264045,0.0046867537,0.9969982
2025-04-15,18.6,0.0007324335,0.9971734,0.9942819,0.004887467,0.9964935
2025-04-16,18.7,0.000287631,0.98761,0.0007454931,0.0009060515,0.98970246
2025-04-17,19.35,0.00014406494,0.02545889,0.00011203479,2.1050942e-05,1.710206e-05
2025-04-18,19.35,8.026209e-05,0.98500305,0.00034411246,0.00025970786,4.1922096e-05
2025-04-21,19.05,0.00026690913,0.9972,0.0005375507,0.00093053817,0.0027985733
2025-04-22,19.2,1.6448737e-05,0.99675554,0.00059287355,7.902854e-05,0.00029731658
2025-04-23,18.5,0.0020273738,0.9999143,0.0030481436,0.9929731,0.9852989
2025-04-24,18.6,0.00013911299,0.9996805,0.0038325563,0.9934901,0.019079534
2025-04-25,18.1,0.023562964,0.99975854,0.9930708,0.998514,0.98710036
2025-04-28,18.6,3.1022468e-05,0.99974245,0.997698,0.997001,0.0055677304
2025-04-29,18.4,0.0012547725,0.9999393,0.9997346,0.999134,0.0099255135
2025-05-05,18.45,0.0007076285,0.999863,0.99960953,0.99934703,0.9876171
2025-05-06,18.45,0.00043323133,0.99994063,0.9981742,0.9915959,0.0047941543
2025-05-07,18.55,0.00028048252,0.9999409,0.9997124,0.9986584,0.003409062
2025-05-08,18.7,0.00031048793,0.99992955,0.99972326,0.004023749,0.0002677252
2025-05-09,18.7,0.0012873295,0.9999546,0.9983191,0.0049796724,0.00015840345
2025-05-12,19.0,0.00012891478,0.99849105,0.0044597127,0.00019966972,3.358209e-05
2025-05-13,18.7,0.00039062212,0.99895775,0.99714357,0.0020652402,5.9918144e-05
2025-05-14,18.85,0.00021629476,0.99838686,0.005649484,0.00012463945,0.00026402556
2025-05-15,19.4,0.0002997635,0.9955521,0.0009322806,3.4070177e-05,2.0514302e-05
2025-05-16,19.0,0.0024926625,0.99759525,0.0031855467,0.00012109892,6.0905673e-05
2025-05-19,18.8,0.004823524,0.99873203,0.0015113013,0.00023700895,0.0026095095
2025-05-20,18.85,0.004034573,0.9967751,0.00013859145,2.1422464e-05,0.0003597186
2025-05-21,18.7,0.0010871,0.99371076,0.00045108568,9.5668285e-05,0.00016318126
2025-05-22,18.65,0.00038627326,0.99907327,6.607514e-05,0.0004523784,0.00021549547
2025-05-23,18.65,0.00072136614,0.99789006,0.00054961746,0.00038398814,0.00017589344
2025-05-26,18.65,0.0011580085,0.99937516,3.8022055e-05,7.96266e-05,0.00015064595
2025-05-27,18.45,0.006557483,0.9999813,0.0051438236,0.0023250321,0.0004567267
2025-05-28,18.6,0.00020264409,0.99979717,0.0009000834,0.0013725627,8.330254e-05
2025-05-29,18.4,0.0016931696,0.9999471,0.0019455272,0.0050751204,0.00556526
2025-05-30,18.4,0.0038641219,0.99993086,0.0020256774,0.00072471594,0.0014250434
2025-06-02,18.5,0.0010677828,0.9999238,0.00054590043,0.0014813838,0.0014690526
2025-06-03,18.3,0.0065176534,0.9999882,0.0013997202,0.0037859806,0.0060914853
2025-06-04,18.25,0.0033138003,0.99994755,0.008740818,0.012045339,0.012672673
2025-06-05,18.1,0.41671392,0.99988484,0.79374045,0.8950368,0.22936238
2025-06-06,18.2,0.26731247,0.99997306,0.4883569,0.95747316,0.37346852
2025-06-09,18.15,0.5782572,0.9998791,0.6057966,0.9839839,0.80472547
2025-06-10,18.1,0.7057516,0.999959,0.70916873,0.9839782,0.81613564
2025-06-11,18.05,0.6874514,0.9999211,0.9949161,0.9934336,0.95521367
2025-06-12,18.15,0.8400277,0.99990773,0.9857773,0.9909793,0.90154445
2025-06-13,17.95,0.9717371,0.9999788,0.99978894,0.9766912,0.9828031
2025-06-16,17.95,0.95130163,0.9999548,0.99979705,0.98494774,0.9209438
2025-06-17,17.95,0.96346176,0.9999757,0.99975914,0.99685943,0.9724471
2025-06-18,17.95,0.9757296,0.99995506,0.9991019,0.9992581,0.9918705
2025-06-19,18.1,0.91089934,0.9999672,0.9920289,0.99694866,0.72798103
2025-06-20,18.15,0.98992926,0.9999639,0.9968144,0.99832135,0.969362
2025-06-23,18.1,0.9813921,0.9999782,0.9996762,0.99859697,0.9439293
2025-06-24,18.1,0.9827151,0.99998593,0.9938473,0.962892,0.58150786
2025-06-25,18.1,0.99071956,0.9998456,0.9996934,0.99616575,0.96701884
2025-06-26,18.15,0.9644368,0.9998969,0.9992878,0.9971258,0.55865395
2025-06-27,18.15,0.90579516,0.99980634,0.9998481,0.99905187,0.68994594
2025-06-30,18.15,0.9437628,0.99987745,0.99990666,0.996358,0.80719954
2025-07-01,18.0,0.9787361,0.999723,0.99881315,0.9951668,0.8546113
2025-07-02,18.15,0.96845186,0.99972934,0.9994338,0.91077465,0.32761675
2025-07-03,18.3,0.71455795,0.9994282,0.9988318,0.86562747,0.037342723
2025-07-04,18.5,0.62841654,0.9990977,0.9925575,0.42995203,0.070285685
2025-07-07,18.9,0.13383166,0.99556077,0.31687483,0.0996554,0.04769453
2025-07-08,18.9,0.103547014,0.98792076,0.103475,0.055294584,0.09909785
2025-07-09,19.1,0.16422184,0.987021,0.23780501,0.24908604,0.10896907
2025-07-10,19.2,0.026606232,0.8674615,0.650529,0.09355688,0.18579978
2025-07-11,19.3,0.0136320265,0.6339577,0.6961714,0.15951143,0.14829051
2025-07-14,19.25,0.0018677954,0.21347883,0.3473335,0.16923992,0.53285235
2025-07-15,19.3,0.010495126,0.12498909,0.1643247,0.6267547,0.18038155
2025-07-16,19.4,0.0037977556,0.14838175,0.070142426,0.57317984,0.70744246
2025-07-17,20.0,0.0022715568,0.008061969,0.03408846,0.14764518,0.0848823
2025-07-18,19.8,0.00030509837,0.0020187104,0.00710524,0.051638693,0.28915584
2025-07-21,19.9,0.0010990278,0.0034675074,0.007648165,0.119268365,0.4419777
2025-07-22,20.0,0.000940338,0.002472355,0.018564897,0.03701129,0.40242046
2025-07-23,19.85,0.00019138367,0.0004806375,0.01885965,0.039171714,0.43428782
2025-07-24,19.95,0.00033929094,0.00069470657,0.08549005,0.05194094,0.5930313
2025-07-25,20.7,0.0001727688,0.0016843844,0.0035013682,0.034315698,0.05214856
2025-07-28,21.1,0.000494698,0.003350941,0.033582333,0.03430261,0.0066529135
2025-07-29,19.9,0.00016405134,0.0031742682,0.0046236548,0.035809472,0.046677057
2025-07-30,19.25,0.00055848446,0.3506501,0.15373695,0.07894168,0.004103792
2025-07-31,19.5,0.0002256673,0.16457571,0.042546708,0.12537557,0.000513717
2025-08-01,19.6,2.06272e-05,0.05105079,0.03058344,0.05563917,0.00012750433
2025-08-04,20.25,5.5283832e-05,0.0037730022,0.005479033,0.005509164,0.00087553816
2025-08-05,19.6,8.42268e-05,0.19884436,0.008483017,0.063595995,0.00133513
2025-08-06,20.0,1.8858884e-05,0.009297869,0.058422044,0.0082361605,9.641809e-05
2025-08-07,19.8,5.6277247e-05,0.07398725,0.28109616,0.028921645,0.0010839672
2025-08-08,20.1,4.2505602e-05,0.018892538,0.041161478,0.10792365,0.00019314907
2025-08-11,20.5,0.00010150189,0.014180456,0.004523798,0.0044295364,0.0015436816
2025-08-12,20.4,4.9797996e-05,0.0019057401,0.00061093835,0.03555378,0.009767297
2025-08-13,19.95,1.809044e-05,0.013917632,0.10359563,0.012933969,0.024790814
2025-08-14,20.8,6.8194815e-05,0.0028009228,0.00042966736,0.009298985,0.0055107637
2025-08-15,20.65,0.00011123873,0.0044704652,0.00324464,0.016972171,0.0025289478
2025-08-18,20.6,2.2880937e-05,0.0030963775,0.003311793,0.02679555,0.029736478
2025-08-19,20.7,9.976522e-05,0.005178003,0.0026153913,0.015954884,0.010292983
2025-08-20,21.6,0.00041427265,0.005289562,0.030488068,0.016068505,0.0019658848
2025-08-21,23.1,0.00043577174,0.0024818552,0.002058534,0.0064123888,0.00039215764
2025-08-22,22.1,0.0002519404,0.0027550678,0.020988815,0.0020957962,0.0001536894
2025-08-25,20.75,0.00064325175,0.0041886573,0.12222932,0.014259946,0.0003164152
2025-08-26,21.8,0.00010025808,0.0051706736,0.003104346,0.009358688,0.0022116022
2025-08-27,21.4,0.0004558781,0.0032192434,0.5295137,0.43577746,0.005551944
2025-08-28,21.5,0.0004624424,0.0044501624,0.013413316,0.18822372,0.0047495435
2025-08-29,21.4,0.00069663586,0.0059580603,0.44523856,0.5115314,0.008944048
2025-09-03,21.15,3.357594e-05,0.005647767,0.18635456,0.18854333,0.012188356
2025-09-04,21.65,0.00013145492,0.013257173,0.08292698,0.5160424,0.008435163
2025-09-05,21.0,0.000120916615,0.020306464,0.31418034,0.80785215,0.0016896414
2025-09-08,19.95,0.016087191,0.83236295,0.99142563,0.96788937,0.66281897
2025-09-09,19.65,0.0044244276,0.26185003,0.9913401,0.9844705,0.77403337
2025-09-10,19.95,0.0040649627,0.07152428,0.8468671,0.91646254,0.48855782
2025-09-11,20.1,0.004170199,0.0717356,0.97157705,0.97756815,0.04946522
2025-09-12,19.65,0.0050614746,0.069164164,0.87944764,0.8178033,0.1299952
2025-09-15,19.85,0.0027450114,0.14703675,0.783356,0.9115696,0.25119138
2025-09-16,20.0,0.0017791992,0.40778247,0.6569611,0.8620313,0.22156042
2025-09-17,20.1,0.00076346984,0.25585374,0.18772717,0.15758964,0.10140715
2025-09-18,20.0,0.0013291631,0.12275698,0.76063085,0.7560082,0.35720873
2025-09-19,19.6,0.01577249,0.42657134,0.9559538,0.9451663,0.7287263
2025-09-22,19.3,0.032411534,0.7805906,0.93957484,0.35430264,0.9631961
2025-09-23,19.3,0.0044292314,0.89840347,0.979817,0.37090504,0.8518714
2025-09-24,19.5,0.00043537814,0.7274235,0.11609778,0.06773115,0.2958911
2025-09-25,19.45,7.273015e-05,0.89834046,0.6862489,0.11631487,0.16082704
2025-09-26,19.5,6.2296014e-05,0.6247809,0.5722001,0.26132682,0.019031493
2025-09-29,19.5,0.0021618581,0.9044298,0.69519776,0.2605363,0.017682623
2025-09-30,19.3,0.0010021434,0.9825064,0.9460511,0.45178762,0.20198235
2025-10-01,19.4,0.0010178452,0.98880905,0.8698897,0.25693434,0.12932524
2025-10-02,19.3,7.3975854e-05,0.98578113,0.92943037,0.2446271,0.24700145
2025-10-03,19.0,0.022180587,0.9753665,0.9991621,0.9337778,0.15050614
2025-10-06,19.7,0.00023210983,0.6043929,0.0245171,0.015979653,4.7597874e-05
2025-10-07,19.2,0.00084170664,0.969906,0.23350196,0.20762418,0.0005813443
2025-10-08,19.2,0.001897347,0.97937953,0.18988529,0.24257791,0.0006951562
2025-10-09,19.1,0.0031302616,0.99452484,0.89410573,0.54230946,0.18900529
2025-10-10,19.45,8.09576e-05,0.8170148,0.12608983,0.006240026,2.1656097e-05
2025-10-13,19.45,0.0028050775,0.9935638,0.06357936,0.00055657857,0.0001426258
2025-10-14,19.4,0.006184069,0.98803294,0.27024084,0.026252687,0.00015481724
2025-10-15,19.0,0.17595905,0.99948573,0.15228724,0.5197591,0.35073408
2025-10-16,19.0,0.056050774,0.9983182,0.21370338,0.15774329,0.06411945
2025-10-17,18.45,0.79644907,0.99782467,0.80235887,0.70321393,0.15002649
2025-10-20,17.4,0.97940147,0.8883473,0.95200044,0.95663774,0.6808305
2025-10-21,18.55,0.8669948,0.99673116,0.52239347,0.28971705,0.5311134
2025-10-22,18.25,0.9956008,0.99052924,0.74887145,0.31260192,0.7979256
2025-10-23,18.15,0.9932591,0.99072987,0.4160249,0.49380934,0.77954423
2025-10-24,18.0,0.99374086,0.995103,0.9883033,0.39599034,0.74280375
2025-10-27,17.55,0.9800301,0.9207438,0.9860926,0.7049947,0.9715195
2025-10-28,17.75,0.995538,0.9390423,0.99728453,0.9517773,0.8759735
2025-10-29,17.95,0.99304587,0.9693431,0.9914034,0.43704268,0.7997538
2025-10-30,17.9,0.9960063,0.95447546,0.8252463,0.7402827,0.96111983
2025-10-31,17.7,0.9892281,0.9432499,0.8553623,0.19271077,0.9810874
2025-11-03,17.75,0.9839161,0.89006585,0.90421295,0.5215039,0.81642425
2025-11-04,17.8,0.9938719,0.9354224,0.36557403,0.47516006,0.6122788
2025-11-05,17.5,0.99812895,0.98925775,0.57143253,0.8636345,0.9399385
2025-11-06,17.45,0.9979944,0.98802394,0.88678825,0.96539026,0.990686
2025-11-07,17.2,0.9971144,0.98125505,0.9725267,0.9248948,0.9537154
2025-11-10,16.85,0.9975841,0.98283505,0.99534094,0.9946792,0.99084735
2025-11-11,16.6,0.9964658,0.9691142,0.9919608,0.9544291,0.9787409
2025-11-12,17.15,0.99373406,0.9836263,0.9177586,0.49875024,0.60585916
2025-11-13,17.15,0.99751943,0.9918785,0.88020545,0.324874,0.5240783
2025-11-14,17.0,0.99714893,0.9942905,0.8980509,0.72254235,0.9896361
2025-11-17,17.45,0.99762267,0.99408925,0.68963975,0.81210715,0.074445605
2025-11-18,17.35,0.99709797,0.9885893,0.57810676,0.9580063,0.59139645
2025-11-19,17.2,0.9962219,0.9813301,0.99117357,0.99655896,0.8670302
2025-11-20,17.0,0.988545,0.9955497,0.9890031,0.9892266,0.9524813
2025-11-21,17.15,0.9943909,0.9329531,0.9310977,0.9420816,0.7236156
2025-11-24,17.4,0.99938405,0.9452776,0.41482392,0.9756648,0.94935465
2025-11-25,17.1,0.9990276,0.9695193,0.74800867,0.98873657,0.8718157
2025-11-26,17.25,0.9961229,0.8015587,0.83524954,0.9868733,0.4650049
2025-11-27,17.35,0.99941576,0.74231017,0.9057846,0.9777489,0.6812824
2025-11-28,17.3,0.9995969,0.8836865,0.6097794,0.9961526,0.86119634
2025-12-01,17.2,0.99863774,0.98777187,0.9915707,0.99885416,0.8888483
2025-12-02,17.25,0.9989504,0.764807,0.9762265,0.9939553,0.7260931
2025-12-03,17.75,0.99701,0.8462224,0.65016365,0.18489516,0.1068001
2025-12-04,17.7,0.99864143,0.79582995,0.96613365,0.49339867,0.28430924
2025-12-05,17.7,0.99674135,0.82679343,0.7825588,0.072645046,0.05321845
2025-12-08,17.55,0.9984067,0.9007691,0.6049566,0.48970217,0.36028025
2025-12-09,17.4,0.9984127,0.7735272,0.8125304,0.12023327,0.18949468
2025-12-10,17.45,0.9966445,0.8975252,0.5516894,0.060629357,0.12210162
2025-12-11,17.45,0.99730504,0.80210406,0.6542985,0.36951607,0.097640865
2025-12-12,17.3,0.9879672,0.9386478,0.3959955,0.7022338,0.32904467
2025-12-15,17.2,0.97899467,0.94485533,0.1953655,0.515162,0.06518568
2025-12-16,17.55,0.99899536,0.93237257,0.014078896,0.0765681,0.035067324
2025-12-17,17.45,0.9987373,0.9520382,0.036546912,0.85464257,0.2229729
2025-12-18,17.45,0.9928806,0.9596563,0.058860593,0.4544384,0.055720903
2025-12-19,17.5,0.9976955,0.9702781,0.7605421,0.97739476,0.31573772
2025-12-22,17.75,0.99946815,0.9510465,0.118682064,0.49486512,0.01048171
2025-12-23,17.5,0.9940714,0.92788005,0.20000915,0.5117112,0.022014834
2025-12-24,17.5,0.9994116,0.80137265,0.47941408,0.97401965,0.12093337
2025-12-25,17.35,0.99911755,0.8865854,0.88350564,0.95100343,0.66920716
2025-12-26,17.3,0.9921516,0.889431,0.9756148,0.91424656,0.74763227
2025-12-29,17.3,0.9953689,0.89619505,0.7463162,0.4097458,0.76113546
2025-12-30,17.2,0.9988053,0.9846942,0.9831808,0.95554876,0.4096128
2025-12-31,17.45,0.999539,0.9231758,0.50056386,0.97448677,0.06457902
2026-01-05,17.2,0.9999366,0.9969879,0.5827106,0.99672085,0.5351829
2026-01-06,17.3,0.9994836,0.9965269,0.6724136,0.9977806,0.12417804
2026-01-07,17.35,0.9998323,0.99088085,0.2527657,0.9861958,0.036568634
2026-01-08,17.4,0.99962616,0.9730243,0.94629467,0.67156035,0.03605241
2026-01-09,17.35,0.9997907,0.99720925,0.88736534,0.9983107,0.088629335
2026-01-12,17.75,0.9998832,0.98827654,0.910531,0.16037968,0.010885911
2026-01-13,17.7,0.9996346,0.9943364,0.649135,0.09773651,0.04046144
2026-01-14,17.9,0.9979826,0.98576677,0.09253009,0.019181428,0.009456975
2026-01-15,17.95,0.99995327,0.9683632,0.5375744,0.28405404,0.24615318
2026-01-16,18.0,0.9999119,0.94048375,0.7319818,0.14491747,0.4427208
2026-01-19,18.0,0.9997793,0.9677889,0.31421486,0.11842594,0.073243365
2026-01-20,17.7,0.9998281,0.95314693,0.9304451,0.15820049,0.30545852
2026-01-21,17.4,0.9987651,0.96523005,0.9963521,0.5383715,0.14780718
2026-01-22,17.7,0.9996773,0.90857,0.21063513,0.2245276,0.5485241
2026-01-23,17.65,0.9997414,0.92701226,0.07282094,0.35825703,0.64108086
2026-01-26,17.35,0.9999001,0.98464763,0.9512023,0.989944,0.856326
2026-01-27,17.45,0.99848324,0.9779269,0.92247087,0.7402592,0.9162171
2026-01-28,17.45,0.9998994,0.9736072,0.92819244,0.9838361,0.8138023
2026-01-29,17.45,0.99960977,0.9724329,0.82420003,0.96837336,0.8230947
2026-01-30,17.15,0.9994369,0.9870265,0.99714285,0.98329043,0.98211277
2026-02-02,17.15,0.9995498,0.9700291,0.92359644,0.84195465,0.964898
2026-02-03,17.0,0.99963,0.9578142,0.9265173,0.8237022,0.9827507
2026-02-04,17.0,0.99926287,0.98086023,0.9542595,0.64673746,0.9878897
2026-02-05,16.8,0.9964181,0.9899754,0.9916679,0.9858769,0.995006
2026-02-06,16.8,0.99971133,0.99668294,0.9811761,0.9983803,0.99908614
2026-02-09,16.75,0.9998079,0.9976683,0.97980005,0.9983215,0.9999509
2026-02-10,16.75,0.99953735,0.9963977,0.9934895,0.99746025,0.9998702
2026-02-11,17.0,0.9991019,0.99782336,0.9486628,0.99644417,0.99978715
2026-02-12,16.95,0.99951327,0.9967604,0.9316258,0.99967754,0.9997979
2026-02-13,17.0,0.99693274,0.99877006,0.98993266,0.99841607,0.9965395
2026-02-23,17.1,0.99805236,0.997752,0.8454244,0.9996952,0.9949456
2026-02-24,17.0,0.99707925,0.99688184,0.6879122,0.9914001,0.9893911
2026-02-25,16.95,0.9973882,0.995269,0.77808505,0.99630535,0.9994217
2026-02-26,17.0,0.9836494,0.9817054,0.98042,0.9785567,0.979833
2026-02-27,16.9,0.99747735,0.9941497,0.99682426,0.91503906,0.99320424
2026-03-02,16.8,0.99701107,0.99784434,0.8456906,0.5240835,0.9969837
2026-03-03,16.75,0.9988624,0.998706,0.97047395,0.83371925,0.99908566
2026-03-04,16.8,0.99697316,0.9982743,0.31146955,0.9069947,0.9868486
2026-03-05,17.0,0.99919206,0.99517536,0.9736777,0.8282936,0.9707558
2026-03-06,17.0,0.9993845,0.99625254,0.99381244,0.9791333,0.9963523
2026-03-09,16.3,0.9988445,0.9988424,0.9985781,0.9992674,0.9998165
2026-03-10,16.5,0.9995198,0.9996978,0.9945866,0.9991365,0.996141
2026-03-11,16.6,0.9998903,0.99846715,0.6170099,0.94966054,0.99855274
2026-03-12,16.55,0.9988738,0.99359,0.84216225,0.9781737,0.9988612
2026-03-13,16.55,0.9995297,0.9938258,0.9645654,0.89969164,0.9984182
2026-03-16,16.55,0.99912316,0.9961029,0.5171781,0.9671947,0.98092926
2026-03-17,16.65,0.99971634,0.99670416,0.9953172,0.9856579,0.9934655
2026-03-18,16.8,0.9999355,0.976942,0.94322324,0.9992718,0.99352634
2026-03-19,16.95,0.999691,0.98463815,0.8580927,0.96808404,0.9987256
2026-03-20,16.9,0.99988747,0.9636002,0.97909915,0.9947352,0.9993351
2026-03-23,16.8,0.9999261,0.86625654,0.99358624,0.9958467,0.99954116
2026-03-24,16.8,0.9998241,0.89561015,0.99317497,0.998747,0.99676114
2026-03-25,16.75,0.99985874,0.93463594,0.9982691,0.9979634,0.99862385
2026-03-26,16.75,0.9997135,0.7520557,0.9783442,0.9518028,0.98835224
2026-03-27,16.9,0.99991024,0.94094884,0.9983941,0.9654191,0.9989875
2026-03-30,16.9,0.99978536,0.7831198,0.96692866,0.8548726,0.99588805
2026-03-31,16.95,0.999874,0.8128561,0.99629515,0.9785139,0.9645501
2026-04-01,17.0,0.9998305,0.8755175,0.98566484,0.9865698,0.9779382
2026-04-02,16.9,0.99977416,0.9157182,0.98435545,0.7212781,0.9940253
2026-04-03,16.8,0.9995641,0.91719383,0.9956027,0.94628185,0.9996382
2026-04-06,16.75,0.9983872,0.9901022,0.9284528,0.85939115,0.9967458
2026-04-07,16.8,0.9928046,0.9500306,0.98634756,0.81174,0.97165215
2026-04-08,17.0,0.9997404,0.98850924,0.9963695,0.6258209,0.99860245
2026-04-09,17.15,0.9997726,0.96094954,0.9985372,0.7912625,0.94686824
2026-04-10,17.15,0.99921787,0.9822828,0.9482096,0.38517013,0.9467263
